2025-07-21 09:26:26,549 INFO  Logger.cs: 70 - 
--------------------------------------------------------------------------------
2025-07-21 09:26:26,609 INFO  Logger.cs: 71 - Logging commencing for SW2URDF exporter
2025-07-21 09:26:26,612 INFO  Logger.cs: 73 - Commit version 1.6.0-4-g7f85cfe
2025-07-21 09:26:26,613 INFO  Logger.cs: 74 - Build version 1.6.7995.38578
2025-07-21 09:26:26,616 INFO  SwAddin.cs: 192 - Attempting to connect to SW
2025-07-21 09:26:26,618 INFO  SwAddin.cs: 197 - Setting up callbacks
2025-07-21 09:26:26,619 INFO  SwAddin.cs: 201 - Setting up command manager
2025-07-21 09:26:26,621 INFO  SwAddin.cs: 204 - Adding command manager
2025-07-21 09:26:26,625 INFO  SwAddin.cs: 263 - Adding Assembly export to file menu
2025-07-21 09:26:26,627 INFO  SwAddin.cs: 272 - Adding Part export to file menu
2025-07-21 09:26:26,627 INFO  SwAddin.cs: 210 - Adding event handlers
2025-07-21 09:26:26,632 INFO  SwAddin.cs: 217 - Connecting plugin to SolidWorks
2025-07-21 09:33:41,085 INFO  SwAddin.cs: 294 - Assembly export called for file wheel_urdf
2025-07-21 09:33:41,102 INFO  SwAddin.cs: 299 - Save is required
2025-07-21 09:33:41,103 INFO  SwAddin.cs: 313 - Saving assembly
2025-07-21 09:33:41,748 INFO  SwAddin.cs: 316 - Opening property manager
2025-07-21 09:33:41,759 INFO  ExportHelperExtension.cs: 1125 - Retrieving features of type [CoordSys] from wheel_urdf
2025-07-21 09:33:41,762 INFO  ExportHelperExtension.cs: 1136 - Found 114 in wheel_urdf
2025-07-21 09:33:41,763 INFO  ExportHelperExtension.cs: 1145 - Found 5 features of type [CoordSys] in wheel_urdf
2025-07-21 09:33:41,763 INFO  ExportHelperExtension.cs: 1148 - Proceeding through assembly components
2025-07-21 09:33:41,764 INFO  ExportHelperExtension.cs: 1160 - 22 components to check
2025-07-21 09:33:41,764 INFO  ExportHelperExtension.cs: 1125 - Retrieving features of type [CoordSys] from ³¤¶Èµ÷Õû¿é-2
2025-07-21 09:33:41,765 INFO  ExportHelperExtension.cs: 1136 - Found 33 in ³¤¶Èµ÷Õû¿é-2
2025-07-21 09:33:41,765 INFO  ExportHelperExtension.cs: 1145 - Found 0 features of type [CoordSys] in ³¤¶Èµ÷Õû¿é-2
2025-07-21 09:33:41,765 INFO  ExportHelperExtension.cs: 1125 - Retrieving features of type [CoordSys] from MF6010-3D.step-1
2025-07-21 09:33:41,765 INFO  ExportHelperExtension.cs: 1136 - Found 36 in MF6010-3D.step-1
2025-07-21 09:33:41,765 INFO  ExportHelperExtension.cs: 1145 - Found 0 features of type [CoordSys] in MF6010-3D.step-1
2025-07-21 09:33:41,766 INFO  ExportHelperExtension.cs: 1125 - Retrieving features of type [CoordSys] from Pane1-1
2025-07-21 09:33:41,766 INFO  ExportHelperExtension.cs: 1136 - Found 59 in Pane1-1
2025-07-21 09:33:41,766 INFO  ExportHelperExtension.cs: 1145 - Found 0 features of type [CoordSys] in Pane1-1
2025-07-21 09:33:41,767 INFO  ExportHelperExtension.cs: 1125 - Retrieving features of type [CoordSys] from ¹Ì¶¨×ù2-1
2025-07-21 09:33:41,767 INFO  ExportHelperExtension.cs: 1136 - Found 34 in ¹Ì¶¨×ù2-1
2025-07-21 09:33:41,767 INFO  ExportHelperExtension.cs: 1145 - Found 0 features of type [CoordSys] in ¹Ì¶¨×ù2-1
2025-07-21 09:33:41,767 INFO  ExportHelperExtension.cs: 1125 - Retrieving features of type [CoordSys] from 8xm6x16Èû´òÂÝË¿-1
2025-07-21 09:33:41,767 INFO  ExportHelperExtension.cs: 1136 - Found 29 in 8xm6x16Èû´òÂÝË¿-1
2025-07-21 09:33:41,769 INFO  ExportHelperExtension.cs: 1145 - Found 0 features of type [CoordSys] in 8xm6x16Èû´òÂÝË¿-1
2025-07-21 09:33:41,769 INFO  ExportHelperExtension.cs: 1125 - Retrieving features of type [CoordSys] from InitiaWheel2-1
2025-07-21 09:33:41,769 INFO  ExportHelperExtension.cs: 1136 - Found 42 in InitiaWheel2-1
2025-07-21 09:33:41,769 INFO  ExportHelperExtension.cs: 1145 - Found 2 features of type [CoordSys] in InitiaWheel2-1
2025-07-21 09:33:41,770 INFO  ExportHelperExtension.cs: 1125 - Retrieving features of type [CoordSys] from ÕÇ½ôÌ×-1
2025-07-21 09:33:41,770 INFO  ExportHelperExtension.cs: 1136 - Found 27 in ÕÇ½ôÌ×-1
2025-07-21 09:33:41,770 INFO  ExportHelperExtension.cs: 1145 - Found 0 features of type [CoordSys] in ÕÇ½ôÌ×-1
2025-07-21 09:33:41,771 INFO  ExportHelperExtension.cs: 1125 - Retrieving features of type [CoordSys] from ×ßÏß-1
2025-07-21 09:33:41,771 INFO  ExportHelperExtension.cs: 1136 - Found 50 in ×ßÏß-1
2025-07-21 09:33:41,771 INFO  ExportHelperExtension.cs: 1145 - Found 0 features of type [CoordSys] in ×ßÏß-1
2025-07-21 09:33:41,771 INFO  ExportHelperExtension.cs: 1125 - Retrieving features of type [CoordSys] from íÀÂë-1
2025-07-21 09:33:41,772 INFO  ExportHelperExtension.cs: 1136 - Found 27 in íÀÂë-1
2025-07-21 09:33:41,772 INFO  ExportHelperExtension.cs: 1145 - Found 0 features of type [CoordSys] in íÀÂë-1
2025-07-21 09:33:41,772 INFO  ExportHelperExtension.cs: 1125 - Retrieving features of type [CoordSys] from robotmasterAÐÍ°å-1
2025-07-21 09:33:41,772 INFO  ExportHelperExtension.cs: 1136 - Found 77 in robotmasterAÐÍ°å-1
2025-07-21 09:33:41,773 INFO  ExportHelperExtension.cs: 1145 - Found 0 features of type [CoordSys] in robotmasterAÐÍ°å-1
2025-07-21 09:33:41,773 INFO  ExportHelperExtension.cs: 1125 - Retrieving features of type [CoordSys] from 11 ±àÂëÆ÷ IP54-BRT50-8mmÖá.stp-1
2025-07-21 09:33:41,773 INFO  ExportHelperExtension.cs: 1136 - Found 36 in 11 ±àÂëÆ÷ IP54-BRT50-8mmÖá.stp-1
2025-07-21 09:33:41,773 INFO  ExportHelperExtension.cs: 1145 - Found 0 features of type [CoordSys] in 11 ±àÂëÆ÷ IP54-BRT50-8mmÖá.stp-1
2025-07-21 09:33:41,774 INFO  ExportHelperExtension.cs: 1125 - Retrieving features of type [CoordSys] from µç³Ø-1
2025-07-21 09:33:41,774 INFO  ExportHelperExtension.cs: 1136 - Found 27 in µç³Ø-1
2025-07-21 09:33:41,774 INFO  ExportHelperExtension.cs: 1145 - Found 0 features of type [CoordSys] in µç³Ø-1
2025-07-21 09:33:41,774 INFO  ExportHelperExtension.cs: 1125 - Retrieving features of type [CoordSys] from µç³Ø¹Ì¶¨¼Ü1-1
2025-07-21 09:33:41,775 INFO  ExportHelperExtension.cs: 1136 - Found 50 in µç³Ø¹Ì¶¨¼Ü1-1
2025-07-21 09:33:41,775 INFO  ExportHelperExtension.cs: 1145 - Found 0 features of type [CoordSys] in µç³Ø¹Ì¶¨¼Ü1-1
2025-07-21 09:33:41,775 INFO  ExportHelperExtension.cs: 1125 - Retrieving features of type [CoordSys] from ÅäÖØ¿é¹Ì¶¨-1
2025-07-21 09:33:41,775 INFO  ExportHelperExtension.cs: 1136 - Found 29 in ÅäÖØ¿é¹Ì¶¨-1
2025-07-21 09:33:41,776 INFO  ExportHelperExtension.cs: 1145 - Found 0 features of type [CoordSys] in ÅäÖØ¿é¹Ì¶¨-1
2025-07-21 09:33:41,776 INFO  ExportHelperExtension.cs: 1125 - Retrieving features of type [CoordSys] from IMU-1
2025-07-21 09:33:41,776 INFO  ExportHelperExtension.cs: 1136 - Found 31 in IMU-1
2025-07-21 09:33:41,776 INFO  ExportHelperExtension.cs: 1145 - Found 0 features of type [CoordSys] in IMU-1
2025-07-21 09:33:41,776 INFO  ExportHelperExtension.cs: 1125 - Retrieving features of type [CoordSys] from Change_Over_Board(1).step-1
2025-07-21 09:33:41,777 INFO  ExportHelperExtension.cs: 1136 - Found 63 in Change_Over_Board(1).step-1
2025-07-21 09:33:41,777 INFO  ExportHelperExtension.cs: 1145 - Found 0 features of type [CoordSys] in Change_Over_Board(1).step-1
2025-07-21 09:33:41,777 INFO  ExportHelperExtension.cs: 1125 - Retrieving features of type [CoordSys] from 8-3030FÂÁÐÍ²Ä[8-3030F-S-OO-320]-1
2025-07-21 09:33:41,777 INFO  ExportHelperExtension.cs: 1136 - Found 31 in 8-3030FÂÁÐÍ²Ä[8-3030F-S-OO-320]-1
2025-07-21 09:33:41,777 INFO  ExportHelperExtension.cs: 1145 - Found 0 features of type [CoordSys] in 8-3030FÂÁÐÍ²Ä[8-3030F-S-OO-320]-1
2025-07-21 09:33:41,777 INFO  ExportHelperExtension.cs: 1125 - Retrieving features of type [CoordSys] from 10¶È¹Ì¶¨Á¬½Ó-1
2025-07-21 09:33:41,777 INFO  ExportHelperExtension.cs: 1136 - Found 43 in 10¶È¹Ì¶¨Á¬½Ó-1
2025-07-21 09:33:41,778 INFO  ExportHelperExtension.cs: 1145 - Found 0 features of type [CoordSys] in 10¶È¹Ì¶¨Á¬½Ó-1
2025-07-21 09:33:41,778 INFO  ExportHelperExtension.cs: 1125 - Retrieving features of type [CoordSys] from ³¤¶Èµ÷Õû¿é-1
2025-07-21 09:33:41,778 INFO  ExportHelperExtension.cs: 1136 - Found 33 in ³¤¶Èµ÷Õû¿é-1
2025-07-21 09:33:41,778 INFO  ExportHelperExtension.cs: 1145 - Found 0 features of type [CoordSys] in ³¤¶Èµ÷Õû¿é-1
2025-07-21 09:33:41,778 INFO  ExportHelperExtension.cs: 1125 - Retrieving features of type [CoordSys] from ×ù×Ó-1
2025-07-21 09:33:41,779 INFO  ExportHelperExtension.cs: 1136 - Found 52 in ×ù×Ó-1
2025-07-21 09:33:41,779 INFO  ExportHelperExtension.cs: 1145 - Found 0 features of type [CoordSys] in ×ù×Ó-1
2025-07-21 09:33:41,779 INFO  ExportHelperExtension.cs: 1125 - Retrieving features of type [CoordSys] from F628ZZ-3
2025-07-21 09:33:41,779 INFO  ExportHelperExtension.cs: 1136 - Found 29 in F628ZZ-3
2025-07-21 09:33:41,783 INFO  ExportHelperExtension.cs: 1145 - Found 0 features of type [CoordSys] in F628ZZ-3
2025-07-21 09:33:41,783 INFO  ExportHelperExtension.cs: 1125 - Retrieving features of type [CoordSys] from M6x12x1µæÆ¬-2
2025-07-21 09:33:41,802 INFO  ExportHelperExtension.cs: 1136 - Found 32 in M6x12x1µæÆ¬-2
2025-07-21 09:33:41,802 INFO  ExportHelperExtension.cs: 1145 - Found 0 features of type [CoordSys] in M6x12x1µæÆ¬-2
2025-07-21 09:33:41,802 INFO  ExportHelperExtension.cs: 1125 - Retrieving features of type [RefAxis] from wheel_urdf
2025-07-21 09:33:41,802 INFO  ExportHelperExtension.cs: 1136 - Found 114 in wheel_urdf
2025-07-21 09:33:41,804 INFO  ExportHelperExtension.cs: 1145 - Found 4 features of type [RefAxis] in wheel_urdf
2025-07-21 09:33:41,804 INFO  ExportHelperExtension.cs: 1148 - Proceeding through assembly components
2025-07-21 09:33:41,804 INFO  ExportHelperExtension.cs: 1160 - 22 components to check
2025-07-21 09:33:41,804 INFO  ExportHelperExtension.cs: 1125 - Retrieving features of type [RefAxis] from ³¤¶Èµ÷Õû¿é-2
2025-07-21 09:33:41,804 INFO  ExportHelperExtension.cs: 1136 - Found 33 in ³¤¶Èµ÷Õû¿é-2
2025-07-21 09:33:41,805 INFO  ExportHelperExtension.cs: 1145 - Found 0 features of type [RefAxis] in ³¤¶Èµ÷Õû¿é-2
2025-07-21 09:33:41,805 INFO  ExportHelperExtension.cs: 1125 - Retrieving features of type [RefAxis] from MF6010-3D.step-1
2025-07-21 09:33:41,805 INFO  ExportHelperExtension.cs: 1136 - Found 36 in MF6010-3D.step-1
2025-07-21 09:33:41,805 INFO  ExportHelperExtension.cs: 1145 - Found 0 features of type [RefAxis] in MF6010-3D.step-1
2025-07-21 09:33:41,805 INFO  ExportHelperExtension.cs: 1125 - Retrieving features of type [RefAxis] from Pane1-1
2025-07-21 09:33:41,805 INFO  ExportHelperExtension.cs: 1136 - Found 59 in Pane1-1
2025-07-21 09:33:41,806 INFO  ExportHelperExtension.cs: 1145 - Found 0 features of type [RefAxis] in Pane1-1
2025-07-21 09:33:41,806 INFO  ExportHelperExtension.cs: 1125 - Retrieving features of type [RefAxis] from ¹Ì¶¨×ù2-1
2025-07-21 09:33:41,806 INFO  ExportHelperExtension.cs: 1136 - Found 34 in ¹Ì¶¨×ù2-1
2025-07-21 09:33:41,806 INFO  ExportHelperExtension.cs: 1145 - Found 0 features of type [RefAxis] in ¹Ì¶¨×ù2-1
2025-07-21 09:33:41,806 INFO  ExportHelperExtension.cs: 1125 - Retrieving features of type [RefAxis] from 8xm6x16Èû´òÂÝË¿-1
2025-07-21 09:33:41,806 INFO  ExportHelperExtension.cs: 1136 - Found 29 in 8xm6x16Èû´òÂÝË¿-1
2025-07-21 09:33:41,807 INFO  ExportHelperExtension.cs: 1145 - Found 0 features of type [RefAxis] in 8xm6x16Èû´òÂÝË¿-1
2025-07-21 09:33:41,807 INFO  ExportHelperExtension.cs: 1125 - Retrieving features of type [RefAxis] from InitiaWheel2-1
2025-07-21 09:33:41,807 INFO  ExportHelperExtension.cs: 1136 - Found 42 in InitiaWheel2-1
2025-07-21 09:33:41,807 INFO  ExportHelperExtension.cs: 1145 - Found 3 features of type [RefAxis] in InitiaWheel2-1
2025-07-21 09:33:41,807 INFO  ExportHelperExtension.cs: 1125 - Retrieving features of type [RefAxis] from ÕÇ½ôÌ×-1
2025-07-21 09:33:41,807 INFO  ExportHelperExtension.cs: 1136 - Found 27 in ÕÇ½ôÌ×-1
2025-07-21 09:33:41,808 INFO  ExportHelperExtension.cs: 1145 - Found 0 features of type [RefAxis] in ÕÇ½ôÌ×-1
2025-07-21 09:33:41,808 INFO  ExportHelperExtension.cs: 1125 - Retrieving features of type [RefAxis] from ×ßÏß-1
2025-07-21 09:33:41,808 INFO  ExportHelperExtension.cs: 1136 - Found 50 in ×ßÏß-1
2025-07-21 09:33:41,808 INFO  ExportHelperExtension.cs: 1145 - Found 0 features of type [RefAxis] in ×ßÏß-1
2025-07-21 09:33:41,808 INFO  ExportHelperExtension.cs: 1125 - Retrieving features of type [RefAxis] from íÀÂë-1
2025-07-21 09:33:41,809 INFO  ExportHelperExtension.cs: 1136 - Found 27 in íÀÂë-1
2025-07-21 09:33:41,809 INFO  ExportHelperExtension.cs: 1145 - Found 0 features of type [RefAxis] in íÀÂë-1
2025-07-21 09:33:41,809 INFO  ExportHelperExtension.cs: 1125 - Retrieving features of type [RefAxis] from robotmasterAÐÍ°å-1
2025-07-21 09:33:41,809 INFO  ExportHelperExtension.cs: 1136 - Found 77 in robotmasterAÐÍ°å-1
2025-07-21 09:33:41,809 INFO  ExportHelperExtension.cs: 1145 - Found 0 features of type [RefAxis] in robotmasterAÐÍ°å-1
2025-07-21 09:33:41,810 INFO  ExportHelperExtension.cs: 1125 - Retrieving features of type [RefAxis] from 11 ±àÂëÆ÷ IP54-BRT50-8mmÖá.stp-1
2025-07-21 09:33:41,810 INFO  ExportHelperExtension.cs: 1136 - Found 36 in 11 ±àÂëÆ÷ IP54-BRT50-8mmÖá.stp-1
2025-07-21 09:33:41,810 INFO  ExportHelperExtension.cs: 1145 - Found 0 features of type [RefAxis] in 11 ±àÂëÆ÷ IP54-BRT50-8mmÖá.stp-1
2025-07-21 09:33:41,810 INFO  ExportHelperExtension.cs: 1125 - Retrieving features of type [RefAxis] from µç³Ø-1
2025-07-21 09:33:41,810 INFO  ExportHelperExtension.cs: 1136 - Found 27 in µç³Ø-1
2025-07-21 09:33:41,810 INFO  ExportHelperExtension.cs: 1145 - Found 0 features of type [RefAxis] in µç³Ø-1
2025-07-21 09:33:41,811 INFO  ExportHelperExtension.cs: 1125 - Retrieving features of type [RefAxis] from µç³Ø¹Ì¶¨¼Ü1-1
2025-07-21 09:33:41,811 INFO  ExportHelperExtension.cs: 1136 - Found 50 in µç³Ø¹Ì¶¨¼Ü1-1
2025-07-21 09:33:41,811 INFO  ExportHelperExtension.cs: 1145 - Found 0 features of type [RefAxis] in µç³Ø¹Ì¶¨¼Ü1-1
2025-07-21 09:33:41,811 INFO  ExportHelperExtension.cs: 1125 - Retrieving features of type [RefAxis] from ÅäÖØ¿é¹Ì¶¨-1
2025-07-21 09:33:41,811 INFO  ExportHelperExtension.cs: 1136 - Found 29 in ÅäÖØ¿é¹Ì¶¨-1
2025-07-21 09:33:41,812 INFO  ExportHelperExtension.cs: 1145 - Found 0 features of type [RefAxis] in ÅäÖØ¿é¹Ì¶¨-1
2025-07-21 09:33:41,812 INFO  ExportHelperExtension.cs: 1125 - Retrieving features of type [RefAxis] from IMU-1
2025-07-21 09:33:41,812 INFO  ExportHelperExtension.cs: 1136 - Found 31 in IMU-1
2025-07-21 09:33:41,812 INFO  ExportHelperExtension.cs: 1145 - Found 0 features of type [RefAxis] in IMU-1
2025-07-21 09:33:41,812 INFO  ExportHelperExtension.cs: 1125 - Retrieving features of type [RefAxis] from Change_Over_Board(1).step-1
2025-07-21 09:33:41,813 INFO  ExportHelperExtension.cs: 1136 - Found 63 in Change_Over_Board(1).step-1
2025-07-21 09:33:41,813 INFO  ExportHelperExtension.cs: 1145 - Found 0 features of type [RefAxis] in Change_Over_Board(1).step-1
2025-07-21 09:33:41,813 INFO  ExportHelperExtension.cs: 1125 - Retrieving features of type [RefAxis] from 8-3030FÂÁÐÍ²Ä[8-3030F-S-OO-320]-1
2025-07-21 09:33:41,813 INFO  ExportHelperExtension.cs: 1136 - Found 31 in 8-3030FÂÁÐÍ²Ä[8-3030F-S-OO-320]-1
2025-07-21 09:33:41,813 INFO  ExportHelperExtension.cs: 1145 - Found 0 features of type [RefAxis] in 8-3030FÂÁÐÍ²Ä[8-3030F-S-OO-320]-1
2025-07-21 09:33:41,814 INFO  ExportHelperExtension.cs: 1125 - Retrieving features of type [RefAxis] from 10¶È¹Ì¶¨Á¬½Ó-1
2025-07-21 09:33:41,814 INFO  ExportHelperExtension.cs: 1136 - Found 43 in 10¶È¹Ì¶¨Á¬½Ó-1
2025-07-21 09:33:41,814 INFO  ExportHelperExtension.cs: 1145 - Found 0 features of type [RefAxis] in 10¶È¹Ì¶¨Á¬½Ó-1
2025-07-21 09:33:41,814 INFO  ExportHelperExtension.cs: 1125 - Retrieving features of type [RefAxis] from ³¤¶Èµ÷Õû¿é-1
2025-07-21 09:33:41,814 INFO  ExportHelperExtension.cs: 1136 - Found 33 in ³¤¶Èµ÷Õû¿é-1
2025-07-21 09:33:41,814 INFO  ExportHelperExtension.cs: 1145 - Found 0 features of type [RefAxis] in ³¤¶Èµ÷Õû¿é-1
2025-07-21 09:33:41,815 INFO  ExportHelperExtension.cs: 1125 - Retrieving features of type [RefAxis] from ×ù×Ó-1
2025-07-21 09:33:41,815 INFO  ExportHelperExtension.cs: 1136 - Found 52 in ×ù×Ó-1
2025-07-21 09:33:41,815 INFO  ExportHelperExtension.cs: 1145 - Found 0 features of type [RefAxis] in ×ù×Ó-1
2025-07-21 09:33:41,815 INFO  ExportHelperExtension.cs: 1125 - Retrieving features of type [RefAxis] from F628ZZ-3
2025-07-21 09:33:41,815 INFO  ExportHelperExtension.cs: 1136 - Found 29 in F628ZZ-3
2025-07-21 09:33:41,816 INFO  ExportHelperExtension.cs: 1145 - Found 0 features of type [RefAxis] in F628ZZ-3
2025-07-21 09:33:41,816 INFO  ExportHelperExtension.cs: 1125 - Retrieving features of type [RefAxis] from M6x12x1µæÆ¬-2
2025-07-21 09:33:41,816 INFO  ExportHelperExtension.cs: 1136 - Found 32 in M6x12x1µæÆ¬-2
2025-07-21 09:33:41,816 INFO  ExportHelperExtension.cs: 1145 - Found 0 features of type [RefAxis] in M6x12x1µæÆ¬-2
2025-07-21 09:33:42,205 INFO  SwAddin.cs: 339 - Loading config tree
2025-07-21 09:33:42,209 INFO  ConfigurationSerialization.cs: 276 - URDF Configuration found
<Link z:Id="i1" xmlns="http://schemas.datacontract.org/2004/07/SW2URDF" xmlns:i="http://www.w3.org/2001/XMLSchema-instance" xmlns:z="http://schemas.microsoft.com/2003/10/Serialization/"><Attributes><Attribute z:Id="i2"><AttributeType>name</AttributeType><IsRequired>true</IsRequired><Value i:type="a:string" xmlns:a="http://www.w3.org/2001/XMLSchema">base_link</Value></Attribute></Attributes><ChildElements><URDFElement z:Id="i3" i:type="Inertial"><Attributes/><ChildElements><URDFElement z:Id="i4" i:type="Origin"><Attributes><Attribute z:Id="i5"><AttributeType>xyz</AttributeType><IsRequired>true</IsRequired><Value i:type="a:ArrayOfdouble" xmlns:a="http://schemas.microsoft.com/2003/10/Serialization/Arrays"><a:double>-3.8995E-05</a:double><a:double>-3.8995E-05</a:double><a:double>0.085394</a:double></Value></Attribute><Attribute z:Id="i6"><AttributeType>rpy</AttributeType><IsRequired>true</IsRequired><Value i:type="a:ArrayOfdouble" xmlns:a="http://schemas.microsoft.com/2003/10/Serialization/Arrays"><a:double>0</a:double><a:double>0</a:double><a:double>0</a:double></Value></Attribute></Attributes><ChildElements/><ElementName>origin</ElementName><required>false</required><RPYAttribute z:Ref="i6"/><XYZAttribute z:Ref="i5"/><isCustomized>false</isCustomized></URDFElement><URDFElement z:Id="i7" i:type="Mass"><Attributes><Attribute z:Id="i8"><AttributeType>value</AttributeType><IsRequired>true</IsRequired><Value i:type="a:double" xmlns:a="http://www.w3.org/2001/XMLSchema">0.25668</Value></Attribute></Attributes><ChildElements/><ElementName>mass</ElementName><required>false</required><ValueAttribute z:Ref="i8"/></URDFElement><URDFElement z:Id="i9" i:type="Inertia"><Attributes><Attribute z:Id="i10"><AttributeType>ixx</AttributeType><IsRequired>true</IsRequired><Value i:type="a:double" xmlns:a="http://www.w3.org/2001/XMLSchema">0.0010715</Value></Attribute><Attribute z:Id="i11"><AttributeType>ixy</AttributeType><IsRequired>true</IsRequired><Value i:type="a:double" xmlns:a="http://www.w3.org/2001/XMLSchema">-2.2059E-13</Value></Attribute><Attribute z:Id="i12"><AttributeType>ixz</AttributeType><IsRequired>true</IsRequired><Value i:type="a:double" xmlns:a="http://www.w3.org/2001/XMLSchema">-7.2465E-13</Value></Attribute><Attribute z:Id="i13"><AttributeType>iyy</AttributeType><IsRequired>true</IsRequired><Value i:type="a:double" xmlns:a="http://www.w3.org/2001/XMLSchema">0.0010951</Value></Attribute><Attribute z:Id="i14"><AttributeType>iyz</AttributeType><IsRequired>true</IsRequired><Value i:type="a:double" xmlns:a="http://www.w3.org/2001/XMLSchema">1.8044E-13</Value></Attribute><Attribute z:Id="i15"><AttributeType>izz</AttributeType><IsRequired>true</IsRequired><Value i:type="a:double" xmlns:a="http://www.w3.org/2001/XMLSchema">0.00014309</Value></Attribute></Attributes><ChildElements/><ElementName>inertia</ElementName><required>false</required><IxxAttribute z:Ref="i10"/><IxyAttribute z:Ref="i11"/><IxzAttribute z:Ref="i12"/><IyyAttribute z:Ref="i13"/><IyzAttribute z:Ref="i14"/><IzzAttribute z:Ref="i15"/></URDFElement></ChildElements><ElementName>inertial</ElementName><required>false</required><Inertia z:Ref="i9"/><Mass z:Ref="i7"/><Origin z:Ref="i4"/></URDFElement><URDFElement z:Id="i16" i:type="Visual"><Attributes/><ChildElements><URDFElement z:Id="i17" i:type="Origin"><Attributes><Attribute z:Id="i18"><AttributeType>xyz</AttributeType><IsRequired>true</IsRequired><Value i:type="a:ArrayOfdouble" xmlns:a="http://schemas.microsoft.com/2003/10/Serialization/Arrays"><a:double>0</a:double><a:double>0</a:double><a:double>0</a:double></Value></Attribute><Attribute z:Id="i19"><AttributeType>rpy</AttributeType><IsRequired>true</IsRequired><Value i:type="a:ArrayOfdouble" xmlns:a="http://schemas.microsoft.com/2003/10/Serialization/Arrays"><a:double>0</a:double><a:double>0</a:double><a:double>0</a:double></Value></Attribute></Attributes><ChildElements/><ElementName>origin</ElementName><required>false</required><RPYAttribute z:Ref="i19"/><XYZAttribute z:Ref="i18"/><isCustomized>false</isCustomized></URDFElement><URDFElement z:Id="i20" i:type="Geometry"><Attributes/><ChildElements><URDFElement z:Id="i21" i:type="Mesh"><Attributes><Attribute z:Id="i22"><AttributeType>filename</AttributeType><IsRequired>true</IsRequired><Value i:nil="true"/></Attribute></Attributes><ChildElements/><ElementName>mesh</ElementName><required>false</required><FilenameAttribute z:Ref="i22"/></URDFElement></ChildElements><ElementName>geometry</ElementName><required>true</required><Mesh z:Ref="i21"/></URDFElement><URDFElement z:Id="i23" i:type="Material"><Attributes><Attribute z:Id="i24"><AttributeType>name</AttributeType><IsRequired>true</IsRequired><Value i:type="a:string" xmlns:a="http://www.w3.org/2001/XMLSchema"/></Attribute></Attributes><ChildElements><URDFElement z:Id="i25" i:type="Color"><Attributes><Attribute z:Id="i26"><AttributeType>rgba</AttributeType><IsRequired>true</IsRequired><Value i:type="a:ArrayOfdouble" xmlns:a="http://schemas.microsoft.com/2003/10/Serialization/Arrays"><a:double>1</a:double><a:double>1</a:double><a:double>1</a:double><a:double>1</a:double></Value></Attribute></Attributes><ChildElements/><ElementName>color</ElementName><required>false</required><RGBAAttribute z:Ref="i26"/></URDFElement><URDFElement z:Id="i27" i:type="Texture"><Attributes><Attribute z:Id="i28"><AttributeType>filename</AttributeType><IsRequired>true</IsRequired><Value i:nil="true"/></Attribute></Attributes><ChildElements/><ElementName>texture</ElementName><required>false</required><FilenameAttribute z:Ref="i28"/><wFilename/></URDFElement></ChildElements><ElementName>material</ElementName><required>false</required><Color z:Ref="i25"/><NameAttribute z:Ref="i24"/><Texture z:Ref="i27"/></URDFElement></ChildElements><ElementName>visual</ElementName><required>false</required><Geometry z:Ref="i20"/><Material z:Ref="i23"/><Origin z:Ref="i17"/></URDFElement><URDFElement z:Id="i29" i:type="Collision"><Attributes/><ChildElements><URDFElement z:Id="i30" i:type="Origin"><Attributes><Attribute z:Id="i31"><AttributeType>xyz</AttributeType><IsRequired>true</IsRequired><Value i:type="a:ArrayOfdouble" xmlns:a="http://schemas.microsoft.com/2003/10/Serialization/Arrays"><a:double>0</a:double><a:double>0</a:double><a:double>0</a:double></Value></Attribute><Attribute z:Id="i32"><AttributeType>rpy</AttributeType><IsRequired>true</IsRequired><Value i:type="a:ArrayOfdouble" xmlns:a="http://schemas.microsoft.com/2003/10/Serialization/Arrays"><a:double>0</a:double><a:double>0</a:double><a:double>0</a:double></Value></Attribute></Attributes><ChildElements/><ElementName>origin</ElementName><required>false</required><RPYAttribute z:Ref="i32"/><XYZAttribute z:Ref="i31"/><isCustomized>false</isCustomized></URDFElement><URDFElement z:Id="i33" i:type="Geometry"><Attributes/><ChildElements><URDFElement z:Id="i34" i:type="Mesh"><Attributes><Attribute z:Id="i35"><AttributeType>filename</AttributeType><IsRequired>true</IsRequired><Value i:nil="true"/></Attribute></Attributes><ChildElements/><ElementName>mesh</ElementName><required>false</required><FilenameAttribute z:Ref="i35"/></URDFElement></ChildElements><ElementName>geometry</ElementName><required>true</required><Mesh z:Ref="i34"/></URDFElement></ChildElements><ElementName>collision</ElementName><required>false</required><Geometry z:Ref="i33"/><Origin z:Ref="i30"/></URDFElement><URDFElement z:Id="i36" i:type="Joint"><Attributes><Attribute z:Id="i37"><AttributeType>name</AttributeType><IsRequired>true</IsRequired><Value i:type="a:string" xmlns:a="http://www.w3.org/2001/XMLSchema"/></Attribute><Attribute z:Id="i38"><AttributeType>type</AttributeType><IsRequired>true</IsRequired><Value i:type="a:string" xmlns:a="http://www.w3.org/2001/XMLSchema"/></Attribute></Attributes><ChildElements><URDFElement z:Id="i39" i:type="Origin"><Attributes><Attribute z:Id="i40"><AttributeType>xyz</AttributeType><IsRequired>true</IsRequired><Value i:type="a:ArrayOfdouble" xmlns:a="http://schemas.microsoft.com/2003/10/Serialization/Arrays"><a:double>0</a:double><a:double>0</a:double><a:double>0</a:double></Value></Attribute><Attribute z:Id="i41"><AttributeType>rpy</AttributeType><IsRequired>true</IsRequired><Value i:type="a:ArrayOfdouble" xmlns:a="http://schemas.microsoft.com/2003/10/Serialization/Arrays"><a:double>0</a:double><a:double>0</a:double><a:double>0</a:double></Value></Attribute></Attributes><ChildElements/><ElementName>origin</ElementName><required>false</required><RPYAttribute z:Ref="i41"/><XYZAttribute z:Ref="i40"/><isCustomized>false</isCustomized></URDFElement><URDFElement z:Id="i42" i:type="ParentLink"><Attributes><Attribute z:Id="i43"><AttributeType>link</AttributeType><IsRequired>true</IsRequired><Value i:type="a:string" xmlns:a="http://www.w3.org/2001/XMLSchema"/></Attribute></Attributes><ChildElements/><ElementName>parent</ElementName><required>true</required><NameAttribute z:Ref="i43"/></URDFElement><URDFElement z:Id="i44" i:type="ChildLink"><Attributes><Attribute z:Id="i45"><AttributeType>link</AttributeType><IsRequired>true</IsRequired><Value i:type="a:string" xmlns:a="http://www.w3.org/2001/XMLSchema"/></Attribute></Attributes><ChildElements/><ElementName>child</ElementName><required>true</required><NameAttribute z:Ref="i45"/></URDFElement><URDFElement z:Id="i46" i:type="Axis"><Attributes><Attribute z:Id="i47"><AttributeType>xyz</AttributeType><IsRequired>true</IsRequired><Value i:type="a:ArrayOfdouble" xmlns:a="http://schemas.microsoft.com/2003/10/Serialization/Arrays"><a:double>0</a:double><a:double>0</a:double><a:double>0</a:double></Value></Attribute></Attributes><ChildElements/><ElementName>axis</ElementName><required>false</required><XYZAttribute z:Ref="i47"/></URDFElement><URDFElement z:Id="i48" i:type="Limit"><Attributes><Attribute z:Id="i49"><AttributeType>lower</AttributeType><IsRequired>false</IsRequired><Value i:nil="true"/></Attribute><Attribute z:Id="i50"><AttributeType>upper</AttributeType><IsRequired>false</IsRequired><Value i:nil="true"/></Attribute><Attribute z:Id="i51"><AttributeType>effort</AttributeType><IsRequired>true</IsRequired><Value i:nil="true"/></Attribute><Attribute z:Id="i52"><AttributeType>velocity</AttributeType><IsRequired>true</IsRequired><Value i:nil="true"/></Attribute></Attributes><ChildElements/><ElementName>limit</ElementName><required>false</required><EffortAttribute z:Ref="i51"/><LowerAttribute z:Ref="i49"/><UpperAttribute z:Ref="i50"/><VelocityAttribute z:Ref="i52"/></URDFElement><URDFElement z:Id="i53" i:type="Calibration"><Attributes><Attribute z:Id="i54"><AttributeType>rising</AttributeType><IsRequired>false</IsRequired><Value i:nil="true"/></Attribute><Attribute z:Id="i55"><AttributeType>falling</AttributeType><IsRequired>false</IsRequired><Value i:nil="true"/></Attribute></Attributes><ChildElements/><ElementName>calibration</ElementName><required>false</required><FallingAttribute z:Ref="i55"/><RisingAttribute z:Ref="i54"/></URDFElement><URDFElement z:Id="i56" i:type="Dynamics"><Attributes><Attribute z:Id="i57"><AttributeType>damping</AttributeType><IsRequired>false</IsRequired><Value i:nil="true"/></Attribute><Attribute z:Id="i58"><AttributeType>friction</AttributeType><IsRequired>false</IsRequired><Value i:nil="true"/></Attribute></Attributes><ChildElements/><ElementName>dynamics</ElementName><required>false</required><DampingAttribute z:Ref="i57"/><FrictionAttribute z:Ref="i58"/></URDFElement><URDFElement z:Id="i59" i:type="SafetyController"><Attributes><Attribute z:Id="i60"><AttributeType>soft_upper_limit</AttributeType><IsRequired>false</IsRequired><Value i:nil="true"/></Attribute><Attribute z:Id="i61"><AttributeType>soft_lower_limit</AttributeType><IsRequired>false</IsRequired><Value i:nil="true"/></Attribute><Attribute z:Id="i62"><AttributeType>k_position</AttributeType><IsRequired>false</IsRequired><Value i:nil="true"/></Attribute><Attribute z:Id="i63"><AttributeType>k_velocity</AttributeType><IsRequired>true</IsRequired><Value i:nil="true"/></Attribute></Attributes><ChildElements/><ElementName>safety_controller</ElementName><required>false</required><KPositionAttribute z:Ref="i62"/><KVelocityAttribute z:Ref="i63"/><SoftLowerAttribute z:Ref="i61"/><SoftUpperAttribute z:Ref="i60"/></URDFElement><URDFElement z:Id="i64" i:type="Mimic"><Attributes><Attribute z:Id="i65"><AttributeType>joint</AttributeType><IsRequired>true</IsRequired><Value i:nil="true"/></Attribute><Attribute z:Id="i66"><AttributeType>multiplier</AttributeType><IsRequired>false</IsRequired><Value i:nil="true"/></Attribute><Attribute z:Id="i67"><AttributeType>offset</AttributeType><IsRequired>false</IsRequired><Value i:nil="true"/></Attribute></Attributes><ChildElements/><ElementName>mimic</ElementName><required>false</required><JointNameAttribute z:Ref="i65"/><MultiplierAttribute z:Ref="i66"/><OffsetAttribute z:Ref="i67"/></URDFElement></ChildElements><ElementName>joint</ElementName><required>false</required><Axis z:Ref="i46"/><AxisName/><Calibration z:Ref="i53"/><Child z:Ref="i44"/><CoordinateSystemName>base_axis</CoordinateSystemName><Dynamics z:Ref="i56"/><Limit z:Ref="i48"/><Mimic z:Ref="i64"/><NameAttribute z:Ref="i37"/><Origin z:Ref="i39"/><Parent z:Ref="i42"/><Safety z:Ref="i59"/><TypeAttribute z:Ref="i38"/></URDFElement></ChildElements><ElementName>link</ElementName><required>true</required><Children><Link z:Id="i68"><Attributes><Attribute z:Id="i69"><AttributeType>name</AttributeType><IsRequired>true</IsRequired><Value i:type="a:string" xmlns:a="http://www.w3.org/2001/XMLSchema">link1</Value></Attribute></Attributes><ChildElements><URDFElement z:Id="i70" i:type="Inertial"><Attributes/><ChildElements><URDFElement z:Id="i71" i:type="Origin"><Attributes><Attribute z:Id="i72"><AttributeType>xyz</AttributeType><IsRequired>true</IsRequired><Value i:type="a:ArrayOfdouble" xmlns:a="http://schemas.microsoft.com/2003/10/Serialization/Arrays"><a:double>7.2056E-15</a:double><a:double>0.0091204</a:double><a:double>0.02887</a:double></Value></Attribute><Attribute z:Id="i73"><AttributeType>rpy</AttributeType><IsRequired>true</IsRequired><Value i:type="a:ArrayOfdouble" xmlns:a="http://schemas.microsoft.com/2003/10/Serialization/Arrays"><a:double>0</a:double><a:double>0</a:double><a:double>0</a:double></Value></Attribute></Attributes><ChildElements/><ElementName>origin</ElementName><required>false</required><RPYAttribute z:Ref="i73"/><XYZAttribute z:Ref="i72"/><isCustomized>false</isCustomized></URDFElement><URDFElement z:Id="i74" i:type="Mass"><Attributes><Attribute z:Id="i75"><AttributeType>value</AttributeType><IsRequired>true</IsRequired><Value i:type="a:double" xmlns:a="http://www.w3.org/2001/XMLSchema">0.038469</Value></Attribute></Attributes><ChildElements/><ElementName>mass</ElementName><required>false</required><ValueAttribute z:Ref="i75"/></URDFElement><URDFElement z:Id="i76" i:type="Inertia"><Attributes><Attribute z:Id="i77"><AttributeType>ixx</AttributeType><IsRequired>true</IsRequired><Value i:type="a:double" xmlns:a="http://www.w3.org/2001/XMLSchema">1.3425E-05</Value></Attribute><Attribute z:Id="i78"><AttributeType>ixy</AttributeType><IsRequired>true</IsRequired><Value i:type="a:double" xmlns:a="http://www.w3.org/2001/XMLSchema">2.4633E-18</Value></Attribute><Attribute z:Id="i79"><AttributeType>ixz</AttributeType><IsRequired>true</IsRequired><Value i:type="a:double" xmlns:a="http://www.w3.org/2001/XMLSchema">8.8776E-22</Value></Attribute><Attribute z:Id="i80"><AttributeType>iyy</AttributeType><IsRequired>true</IsRequired><Value i:type="a:double" xmlns:a="http://www.w3.org/2001/XMLSchema">5.2069E-06</Value></Attribute><Attribute z:Id="i81"><AttributeType>iyz</AttributeType><IsRequired>true</IsRequired><Value i:type="a:double" xmlns:a="http://www.w3.org/2001/XMLSchema">-8.8773E-22</Value></Attribute><Attribute z:Id="i82"><AttributeType>izz</AttributeType><IsRequired>true</IsRequired><Value i:type="a:double" xmlns:a="http://www.w3.org/2001/XMLSchema">1.6547E-05</Value></Attribute></Attributes><ChildElements/><ElementName>inertia</ElementName><required>false</required><IxxAttribute z:Ref="i77"/><IxyAttribute z:Ref="i78"/><IxzAttribute z:Ref="i79"/><IyyAttribute z:Ref="i80"/><IyzAttribute z:Ref="i81"/><IzzAttribute z:Ref="i82"/></URDFElement></ChildElements><ElementName>inertial</ElementName><required>false</required><Inertia z:Ref="i76"/><Mass z:Ref="i74"/><Origin z:Ref="i71"/></URDFElement><URDFElement z:Id="i83" i:type="Visual"><Attributes/><ChildElements><URDFElement z:Id="i84" i:type="Origin"><Attributes><Attribute z:Id="i85"><AttributeType>xyz</AttributeType><IsRequired>true</IsRequired><Value i:type="a:ArrayOfdouble" xmlns:a="http://schemas.microsoft.com/2003/10/Serialization/Arrays"><a:double>0</a:double><a:double>0</a:double><a:double>0</a:double></Value></Attribute><Attribute z:Id="i86"><AttributeType>rpy</AttributeType><IsRequired>true</IsRequired><Value i:type="a:ArrayOfdouble" xmlns:a="http://schemas.microsoft.com/2003/10/Serialization/Arrays"><a:double>0</a:double><a:double>0</a:double><a:double>0</a:double></Value></Attribute></Attributes><ChildElements/><ElementName>origin</ElementName><required>false</required><RPYAttribute z:Ref="i86"/><XYZAttribute z:Ref="i85"/><isCustomized>false</isCustomized></URDFElement><URDFElement z:Id="i87" i:type="Geometry"><Attributes/><ChildElements><URDFElement z:Id="i88" i:type="Mesh"><Attributes><Attribute z:Id="i89"><AttributeType>filename</AttributeType><IsRequired>true</IsRequired><Value i:nil="true"/></Attribute></Attributes><ChildElements/><ElementName>mesh</ElementName><required>false</required><FilenameAttribute z:Ref="i89"/></URDFElement></ChildElements><ElementName>geometry</ElementName><required>true</required><Mesh z:Ref="i88"/></URDFElement><URDFElement z:Id="i90" i:type="Material"><Attributes><Attribute z:Id="i91"><AttributeType>name</AttributeType><IsRequired>true</IsRequired><Value i:type="a:string" xmlns:a="http://www.w3.org/2001/XMLSchema"/></Attribute></Attributes><ChildElements><URDFElement z:Id="i92" i:type="Color"><Attributes><Attribute z:Id="i93"><AttributeType>rgba</AttributeType><IsRequired>true</IsRequired><Value i:type="a:ArrayOfdouble" xmlns:a="http://schemas.microsoft.com/2003/10/Serialization/Arrays"><a:double>1</a:double><a:double>1</a:double><a:double>1</a:double><a:double>1</a:double></Value></Attribute></Attributes><ChildElements/><ElementName>color</ElementName><required>false</required><RGBAAttribute z:Ref="i93"/></URDFElement><URDFElement z:Id="i94" i:type="Texture"><Attributes><Attribute z:Id="i95"><AttributeType>filename</AttributeType><IsRequired>true</IsRequired><Value i:nil="true"/></Attribute></Attributes><ChildElements/><ElementName>texture</ElementName><required>false</required><FilenameAttribute z:Ref="i95"/><wFilename/></URDFElement></ChildElements><ElementName>material</ElementName><required>false</required><Color z:Ref="i92"/><NameAttribute z:Ref="i91"/><Texture z:Ref="i94"/></URDFElement></ChildElements><ElementName>visual</ElementName><required>false</required><Geometry z:Ref="i87"/><Material z:Ref="i90"/><Origin z:Ref="i84"/></URDFElement><URDFElement z:Id="i96" i:type="Collision"><Attributes/><ChildElements><URDFElement z:Id="i97" i:type="Origin"><Attributes><Attribute z:Id="i98"><AttributeType>xyz</AttributeType><IsRequired>true</IsRequired><Value i:type="a:ArrayOfdouble" xmlns:a="http://schemas.microsoft.com/2003/10/Serialization/Arrays"><a:double>0</a:double><a:double>0</a:double><a:double>0</a:double></Value></Attribute><Attribute z:Id="i99"><AttributeType>rpy</AttributeType><IsRequired>true</IsRequired><Value i:type="a:ArrayOfdouble" xmlns:a="http://schemas.microsoft.com/2003/10/Serialization/Arrays"><a:double>0</a:double><a:double>0</a:double><a:double>0</a:double></Value></Attribute></Attributes><ChildElements/><ElementName>origin</ElementName><required>false</required><RPYAttribute z:Ref="i99"/><XYZAttribute z:Ref="i98"/><isCustomized>false</isCustomized></URDFElement><URDFElement z:Id="i100" i:type="Geometry"><Attributes/><ChildElements><URDFElement z:Id="i101" i:type="Mesh"><Attributes><Attribute z:Id="i102"><AttributeType>filename</AttributeType><IsRequired>true</IsRequired><Value i:nil="true"/></Attribute></Attributes><ChildElements/><ElementName>mesh</ElementName><required>false</required><FilenameAttribute z:Ref="i102"/></URDFElement></ChildElements><ElementName>geometry</ElementName><required>true</required><Mesh z:Ref="i101"/></URDFElement></ChildElements><ElementName>collision</ElementName><required>false</required><Geometry z:Ref="i100"/><Origin z:Ref="i97"/></URDFElement><URDFElement z:Id="i103" i:type="Joint"><Attributes><Attribute z:Id="i104"><AttributeType>name</AttributeType><IsRequired>true</IsRequired><Value i:type="a:string" xmlns:a="http://www.w3.org/2001/XMLSchema">joint1</Value></Attribute><Attribute z:Id="i105"><AttributeType>type</AttributeType><IsRequired>true</IsRequired><Value i:type="a:string" xmlns:a="http://www.w3.org/2001/XMLSchema">continuous</Value></Attribute></Attributes><ChildElements><URDFElement z:Id="i106" i:type="Origin"><Attributes><Attribute z:Id="i107"><AttributeType>xyz</AttributeType><IsRequired>true</IsRequired><Value i:type="a:ArrayOfdouble" xmlns:a="http://schemas.microsoft.com/2003/10/Serialization/Arrays"><a:double>-0.00010002</a:double><a:double>-0.00010002</a:double><a:double>0.3168</a:double></Value></Attribute><Attribute z:Id="i108"><AttributeType>rpy</AttributeType><IsRequired>true</IsRequired><Value i:type="a:ArrayOfdouble" xmlns:a="http://schemas.microsoft.com/2003/10/Serialization/Arrays"><a:double>0</a:double><a:double>0</a:double><a:double>0</a:double></Value></Attribute></Attributes><ChildElements/><ElementName>origin</ElementName><required>false</required><RPYAttribute z:Ref="i108"/><XYZAttribute z:Ref="i107"/><isCustomized>false</isCustomized></URDFElement><URDFElement z:Id="i109" i:type="ParentLink"><Attributes><Attribute z:Id="i110"><AttributeType>link</AttributeType><IsRequired>true</IsRequired><Value i:type="a:string" xmlns:a="http://www.w3.org/2001/XMLSchema">base_link</Value></Attribute></Attributes><ChildElements/><ElementName>parent</ElementName><required>true</required><NameAttribute z:Ref="i110"/></URDFElement><URDFElement z:Id="i111" i:type="ChildLink"><Attributes><Attribute z:Id="i112"><AttributeType>link</AttributeType><IsRequired>true</IsRequired><Value i:type="a:string" xmlns:a="http://www.w3.org/2001/XMLSchema">link1</Value></Attribute></Attributes><ChildElements/><ElementName>child</ElementName><required>true</required><NameAttribute z:Ref="i112"/></URDFElement><URDFElement z:Id="i113" i:type="Axis"><Attributes><Attribute z:Id="i114"><AttributeType>xyz</AttributeType><IsRequired>true</IsRequired><Value i:type="a:ArrayOfdouble" xmlns:a="http://schemas.microsoft.com/2003/10/Serialization/Arrays"><a:double>0</a:double><a:double>0</a:double><a:double>1</a:double></Value></Attribute></Attributes><ChildElements/><ElementName>axis</ElementName><required>false</required><XYZAttribute z:Ref="i114"/></URDFElement><URDFElement z:Id="i115" i:type="Limit"><Attributes><Attribute z:Id="i116"><AttributeType>lower</AttributeType><IsRequired>false</IsRequired><Value i:nil="true"/></Attribute><Attribute z:Id="i117"><AttributeType>upper</AttributeType><IsRequired>false</IsRequired><Value i:nil="true"/></Attribute><Attribute z:Id="i118"><AttributeType>effort</AttributeType><IsRequired>true</IsRequired><Value i:nil="true"/></Attribute><Attribute z:Id="i119"><AttributeType>velocity</AttributeType><IsRequired>true</IsRequired><Value i:nil="true"/></Attribute></Attributes><ChildElements/><ElementName>limit</ElementName><required>false</required><EffortAttribute z:Ref="i118"/><LowerAttribute z:Ref="i116"/><UpperAttribute z:Ref="i117"/><VelocityAttribute z:Ref="i119"/></URDFElement><URDFElement z:Id="i120" i:type="Calibration"><Attributes><Attribute z:Id="i121"><AttributeType>rising</AttributeType><IsRequired>false</IsRequired><Value i:nil="true"/></Attribute><Attribute z:Id="i122"><AttributeType>falling</AttributeType><IsRequired>false</IsRequired><Value i:nil="true"/></Attribute></Attributes><ChildElements/><ElementName>calibration</ElementName><required>false</required><FallingAttribute z:Ref="i122"/><RisingAttribute z:Ref="i121"/></URDFElement><URDFElement z:Id="i123" i:type="Dynamics"><Attributes><Attribute z:Id="i124"><AttributeType>damping</AttributeType><IsRequired>false</IsRequired><Value i:nil="true"/></Attribute><Attribute z:Id="i125"><AttributeType>friction</AttributeType><IsRequired>false</IsRequired><Value i:nil="true"/></Attribute></Attributes><ChildElements/><ElementName>dynamics</ElementName><required>false</required><DampingAttribute z:Ref="i124"/><FrictionAttribute z:Ref="i125"/></URDFElement><URDFElement z:Id="i126" i:type="SafetyController"><Attributes><Attribute z:Id="i127"><AttributeType>soft_upper_limit</AttributeType><IsRequired>false</IsRequired><Value i:nil="true"/></Attribute><Attribute z:Id="i128"><AttributeType>soft_lower_limit</AttributeType><IsRequired>false</IsRequired><Value i:nil="true"/></Attribute><Attribute z:Id="i129"><AttributeType>k_position</AttributeType><IsRequired>false</IsRequired><Value i:nil="true"/></Attribute><Attribute z:Id="i130"><AttributeType>k_velocity</AttributeType><IsRequired>true</IsRequired><Value i:nil="true"/></Attribute></Attributes><ChildElements/><ElementName>safety_controller</ElementName><required>false</required><KPositionAttribute z:Ref="i129"/><KVelocityAttribute z:Ref="i130"/><SoftLowerAttribute z:Ref="i128"/><SoftUpperAttribute z:Ref="i127"/></URDFElement><URDFElement z:Id="i131" i:type="Mimic"><Attributes><Attribute z:Id="i132"><AttributeType>joint</AttributeType><IsRequired>true</IsRequired><Value i:nil="true"/></Attribute><Attribute z:Id="i133"><AttributeType>multiplier</AttributeType><IsRequired>false</IsRequired><Value i:nil="true"/></Attribute><Attribute z:Id="i134"><AttributeType>offset</AttributeType><IsRequired>false</IsRequired><Value i:nil="true"/></Attribute></Attributes><ChildElements/><ElementName>mimic</ElementName><required>false</required><JointNameAttribute z:Ref="i132"/><MultiplierAttribute z:Ref="i133"/><OffsetAttribute z:Ref="i134"/></URDFElement></ChildElements><ElementName>joint</ElementName><required>false</required><Axis z:Ref="i113"/><AxisName>line1</AxisName><Calibration z:Ref="i120"/><Child z:Ref="i111"/><CoordinateSystemName>axis1</CoordinateSystemName><Dynamics z:Ref="i123"/><Limit z:Ref="i115"/><Mimic z:Ref="i131"/><NameAttribute z:Ref="i104"/><Origin z:Ref="i106"/><Parent z:Ref="i109"/><Safety z:Ref="i126"/><TypeAttribute z:Ref="i105"/></URDFElement></ChildElements><ElementName>link</ElementName><required>true</required><Children><Link z:Id="i135"><Attributes><Attribute z:Id="i136"><AttributeType>name</AttributeType><IsRequired>true</IsRequired><Value i:type="a:string" xmlns:a="http://www.w3.org/2001/XMLSchema">link2</Value></Attribute></Attributes><ChildElements><URDFElement z:Id="i137" i:type="Inertial"><Attributes/><ChildElements><URDFElement z:Id="i138" i:type="Origin"><Attributes><Attribute z:Id="i139"><AttributeType>xyz</AttributeType><IsRequired>true</IsRequired><Value i:type="a:ArrayOfdouble" xmlns:a="http://schemas.microsoft.com/2003/10/Serialization/Arrays"><a:double>-0.00042445685390584049</a:double><a:double>0.035898481261201341</a:double><a:double>0.035021106286064078</a:double></Value></Attribute><Attribute z:Id="i140"><AttributeType>rpy</AttributeType><IsRequired>true</IsRequired><Value i:type="a:ArrayOfdouble" xmlns:a="http://schemas.microsoft.com/2003/10/Serialization/Arrays"><a:double>0</a:double><a:double>0</a:double><a:double>0</a:double></Value></Attribute></Attributes><ChildElements/><ElementName>origin</ElementName><required>false</required><RPYAttribute z:Ref="i140"/><XYZAttribute z:Ref="i139"/><isCustomized>false</isCustomized></URDFElement><URDFElement z:Id="i141" i:type="Mass"><Attributes><Attribute z:Id="i142"><AttributeType>value</AttributeType><IsRequired>true</IsRequired><Value i:type="a:double" xmlns:a="http://www.w3.org/2001/XMLSchema">0.58850286648921857</Value></Attribute></Attributes><ChildElements/><ElementName>mass</ElementName><required>false</required><ValueAttribute z:Ref="i142"/></URDFElement><URDFElement z:Id="i143" i:type="Inertia"><Attributes><Attribute z:Id="i144"><AttributeType>ixx</AttributeType><IsRequired>true</IsRequired><Value i:type="a:double" xmlns:a="http://www.w3.org/2001/XMLSchema">0.00086833534044474837</Value></Attribute><Attribute z:Id="i145"><AttributeType>ixy</AttributeType><IsRequired>true</IsRequired><Value i:type="a:double" xmlns:a="http://www.w3.org/2001/XMLSchema">3.4780582771063893E-07</Value></Attribute><Attribute z:Id="i146"><AttributeType>ixz</AttributeType><IsRequired>true</IsRequired><Value i:type="a:double" xmlns:a="http://www.w3.org/2001/XMLSchema">1.4988534633887692E-07</Value></Attribute><Attribute z:Id="i147"><AttributeType>iyy</AttributeType><IsRequired>true</IsRequired><Value i:type="a:double" xmlns:a="http://www.w3.org/2001/XMLSchema">0.001011295333848626</Value></Attribute><Attribute z:Id="i148"><AttributeType>iyz</AttributeType><IsRequired>true</IsRequired><Value i:type="a:double" xmlns:a="http://www.w3.org/2001/XMLSchema">-4.7997732675068085E-06</Value></Attribute><Attribute z:Id="i149"><AttributeType>izz</AttributeType><IsRequired>true</IsRequired><Value i:type="a:double" xmlns:a="http://www.w3.org/2001/XMLSchema">0.00022181611922713861</Value></Attribute></Attributes><ChildElements/><ElementName>inertia</ElementName><required>false</required><IxxAttribute z:Ref="i144"/><IxyAttribute z:Ref="i145"/><IxzAttribute z:Ref="i146"/><IyyAttribute z:Ref="i147"/><IyzAttribute z:Ref="i148"/><IzzAttribute z:Ref="i149"/></URDFElement></ChildElements><ElementName>inertial</ElementName><required>false</required><Inertia z:Ref="i143"/><Mass z:Ref="i141"/><Origin z:Ref="i138"/></URDFElement><URDFElement z:Id="i150" i:type="Visual"><Attributes/><ChildElements><URDFElement z:Id="i151" i:type="Origin"><Attributes><Attribute z:Id="i152"><AttributeType>xyz</AttributeType><IsRequired>true</IsRequired><Value i:type="a:ArrayOfdouble" xmlns:a="http://schemas.microsoft.com/2003/10/Serialization/Arrays"><a:double>0</a:double><a:double>0</a:double><a:double>0</a:double></Value></Attribute><Attribute z:Id="i153"><AttributeType>rpy</AttributeType><IsRequired>true</IsRequired><Value i:type="a:ArrayOfdouble" xmlns:a="http://schemas.microsoft.com/2003/10/Serialization/Arrays"><a:double>0</a:double><a:double>0</a:double><a:double>0</a:double></Value></Attribute></Attributes><ChildElements/><ElementName>origin</ElementName><required>false</required><RPYAttribute z:Ref="i153"/><XYZAttribute z:Ref="i152"/><isCustomized>false</isCustomized></URDFElement><URDFElement z:Id="i154" i:type="Geometry"><Attributes/><ChildElements><URDFElement z:Id="i155" i:type="Mesh"><Attributes><Attribute z:Id="i156"><AttributeType>filename</AttributeType><IsRequired>true</IsRequired><Value i:nil="true"/></Attribute></Attributes><ChildElements/><ElementName>mesh</ElementName><required>false</required><FilenameAttribute z:Ref="i156"/></URDFElement></ChildElements><ElementName>geometry</ElementName><required>true</required><Mesh z:Ref="i155"/></URDFElement><URDFElement z:Id="i157" i:type="Material"><Attributes><Attribute z:Id="i158"><AttributeType>name</AttributeType><IsRequired>true</IsRequired><Value i:type="a:string" xmlns:a="http://www.w3.org/2001/XMLSchema"/></Attribute></Attributes><ChildElements><URDFElement z:Id="i159" i:type="Color"><Attributes><Attribute z:Id="i160"><AttributeType>rgba</AttributeType><IsRequired>true</IsRequired><Value i:type="a:ArrayOfdouble" xmlns:a="http://schemas.microsoft.com/2003/10/Serialization/Arrays"><a:double>0.592156862745098</a:double><a:double>0.66666666666666663</a:double><a:double>0.68235294117647061</a:double><a:double>1</a:double></Value></Attribute></Attributes><ChildElements/><ElementName>color</ElementName><required>false</required><RGBAAttribute z:Ref="i160"/></URDFElement><URDFElement z:Id="i161" i:type="Texture"><Attributes><Attribute z:Id="i162"><AttributeType>filename</AttributeType><IsRequired>true</IsRequired><Value i:nil="true"/></Attribute></Attributes><ChildElements/><ElementName>texture</ElementName><required>false</required><FilenameAttribute z:Ref="i162"/><wFilename/></URDFElement></ChildElements><ElementName>material</ElementName><required>false</required><Color z:Ref="i159"/><NameAttribute z:Ref="i158"/><Texture z:Ref="i161"/></URDFElement></ChildElements><ElementName>visual</ElementName><required>false</required><Geometry z:Ref="i154"/><Material z:Ref="i157"/><Origin z:Ref="i151"/></URDFElement><URDFElement z:Id="i163" i:type="Collision"><Attributes/><ChildElements><URDFElement z:Id="i164" i:type="Origin"><Attributes><Attribute z:Id="i165"><AttributeType>xyz</AttributeType><IsRequired>true</IsRequired><Value i:type="a:ArrayOfdouble" xmlns:a="http://schemas.microsoft.com/2003/10/Serialization/Arrays"><a:double>0</a:double><a:double>0</a:double><a:double>0</a:double></Value></Attribute><Attribute z:Id="i166"><AttributeType>rpy</AttributeType><IsRequired>true</IsRequired><Value i:type="a:ArrayOfdouble" xmlns:a="http://schemas.microsoft.com/2003/10/Serialization/Arrays"><a:double>0</a:double><a:double>0</a:double><a:double>0</a:double></Value></Attribute></Attributes><ChildElements/><ElementName>origin</ElementName><required>false</required><RPYAttribute z:Ref="i166"/><XYZAttribute z:Ref="i165"/><isCustomized>false</isCustomized></URDFElement><URDFElement z:Id="i167" i:type="Geometry"><Attributes/><ChildElements><URDFElement z:Id="i168" i:type="Mesh"><Attributes><Attribute z:Id="i169"><AttributeType>filename</AttributeType><IsRequired>true</IsRequired><Value i:nil="true"/></Attribute></Attributes><ChildElements/><ElementName>mesh</ElementName><required>false</required><FilenameAttribute z:Ref="i169"/></URDFElement></ChildElements><ElementName>geometry</ElementName><required>true</required><Mesh z:Ref="i168"/></URDFElement></ChildElements><ElementName>collision</ElementName><required>false</required><Geometry z:Ref="i167"/><Origin z:Ref="i164"/></URDFElement><URDFElement z:Id="i170" i:type="Joint"><Attributes><Attribute z:Id="i171"><AttributeType>name</AttributeType><IsRequired>true</IsRequired><Value i:type="a:string" xmlns:a="http://www.w3.org/2001/XMLSchema">joint2</Value></Attribute><Attribute z:Id="i172"><AttributeType>type</AttributeType><IsRequired>true</IsRequired><Value i:type="a:string" xmlns:a="http://www.w3.org/2001/XMLSchema">continuous</Value></Attribute></Attributes><ChildElements><URDFElement z:Id="i173" i:type="Origin"><Attributes><Attribute z:Id="i174"><AttributeType>xyz</AttributeType><IsRequired>true</IsRequired><Value i:type="a:ArrayOfdouble" xmlns:a="http://schemas.microsoft.com/2003/10/Serialization/Arrays"><a:double>0</a:double><a:double>0.034</a:double><a:double>0.0462</a:double></Value></Attribute><Attribute z:Id="i175"><AttributeType>rpy</AttributeType><IsRequired>true</IsRequired><Value i:type="a:ArrayOfdouble" xmlns:a="http://schemas.microsoft.com/2003/10/Serialization/Arrays"><a:double>0</a:double><a:double>0</a:double><a:double>0</a:double></Value></Attribute></Attributes><ChildElements/><ElementName>origin</ElementName><required>false</required><RPYAttribute z:Ref="i175"/><XYZAttribute z:Ref="i174"/><isCustomized>false</isCustomized></URDFElement><URDFElement z:Id="i176" i:type="ParentLink"><Attributes><Attribute z:Id="i177"><AttributeType>link</AttributeType><IsRequired>true</IsRequired><Value i:type="a:string" xmlns:a="http://www.w3.org/2001/XMLSchema">link1</Value></Attribute></Attributes><ChildElements/><ElementName>parent</ElementName><required>true</required><NameAttribute z:Ref="i177"/></URDFElement><URDFElement z:Id="i178" i:type="ChildLink"><Attributes><Attribute z:Id="i179"><AttributeType>link</AttributeType><IsRequired>true</IsRequired><Value i:type="a:string" xmlns:a="http://www.w3.org/2001/XMLSchema">link2</Value></Attribute></Attributes><ChildElements/><ElementName>child</ElementName><required>true</required><NameAttribute z:Ref="i179"/></URDFElement><URDFElement z:Id="i180" i:type="Axis"><Attributes><Attribute z:Id="i181"><AttributeType>xyz</AttributeType><IsRequired>true</IsRequired><Value i:type="a:ArrayOfdouble" xmlns:a="http://schemas.microsoft.com/2003/10/Serialization/Arrays"><a:double>0</a:double><a:double>1</a:double><a:double>0</a:double></Value></Attribute></Attributes><ChildElements/><ElementName>axis</ElementName><required>false</required><XYZAttribute z:Ref="i181"/></URDFElement><URDFElement z:Id="i182" i:type="Limit"><Attributes><Attribute z:Id="i183"><AttributeType>lower</AttributeType><IsRequired>false</IsRequired><Value i:nil="true"/></Attribute><Attribute z:Id="i184"><AttributeType>upper</AttributeType><IsRequired>false</IsRequired><Value i:nil="true"/></Attribute><Attribute z:Id="i185"><AttributeType>effort</AttributeType><IsRequired>true</IsRequired><Value i:nil="true"/></Attribute><Attribute z:Id="i186"><AttributeType>velocity</AttributeType><IsRequired>true</IsRequired><Value i:nil="true"/></Attribute></Attributes><ChildElements/><ElementName>limit</ElementName><required>false</required><EffortAttribute z:Ref="i185"/><LowerAttribute z:Ref="i183"/><UpperAttribute z:Ref="i184"/><VelocityAttribute z:Ref="i186"/></URDFElement><URDFElement z:Id="i187" i:type="Calibration"><Attributes><Attribute z:Id="i188"><AttributeType>rising</AttributeType><IsRequired>false</IsRequired><Value i:nil="true"/></Attribute><Attribute z:Id="i189"><AttributeType>falling</AttributeType><IsRequired>false</IsRequired><Value i:nil="true"/></Attribute></Attributes><ChildElements/><ElementName>calibration</ElementName><required>false</required><FallingAttribute z:Ref="i189"/><RisingAttribute z:Ref="i188"/></URDFElement><URDFElement z:Id="i190" i:type="Dynamics"><Attributes><Attribute z:Id="i191"><AttributeType>damping</AttributeType><IsRequired>false</IsRequired><Value i:nil="true"/></Attribute><Attribute z:Id="i192"><AttributeType>friction</AttributeType><IsRequired>false</IsRequired><Value i:nil="true"/></Attribute></Attributes><ChildElements/><ElementName>dynamics</ElementName><required>false</required><DampingAttribute z:Ref="i191"/><FrictionAttribute z:Ref="i192"/></URDFElement><URDFElement z:Id="i193" i:type="SafetyController"><Attributes><Attribute z:Id="i194"><AttributeType>soft_upper_limit</AttributeType><IsRequired>false</IsRequired><Value i:nil="true"/></Attribute><Attribute z:Id="i195"><AttributeType>soft_lower_limit</AttributeType><IsRequired>false</IsRequired><Value i:nil="true"/></Attribute><Attribute z:Id="i196"><AttributeType>k_position</AttributeType><IsRequired>false</IsRequired><Value i:nil="true"/></Attribute><Attribute z:Id="i197"><AttributeType>k_velocity</AttributeType><IsRequired>true</IsRequired><Value i:nil="true"/></Attribute></Attributes><ChildElements/><ElementName>safety_controller</ElementName><required>false</required><KPositionAttribute z:Ref="i196"/><KVelocityAttribute z:Ref="i197"/><SoftLowerAttribute z:Ref="i195"/><SoftUpperAttribute z:Ref="i194"/></URDFElement><URDFElement z:Id="i198" i:type="Mimic"><Attributes><Attribute z:Id="i199"><AttributeType>joint</AttributeType><IsRequired>true</IsRequired><Value i:nil="true"/></Attribute><Attribute z:Id="i200"><AttributeType>multiplier</AttributeType><IsRequired>false</IsRequired><Value i:nil="true"/></Attribute><Attribute z:Id="i201"><AttributeType>offset</AttributeType><IsRequired>false</IsRequired><Value i:nil="true"/></Attribute></Attributes><ChildElements/><ElementName>mimic</ElementName><required>false</required><JointNameAttribute z:Ref="i199"/><MultiplierAttribute z:Ref="i200"/><OffsetAttribute z:Ref="i201"/></URDFElement></ChildElements><ElementName>joint</ElementName><required>false</required><Axis z:Ref="i180"/><AxisName>line2</AxisName><Calibration z:Ref="i187"/><Child z:Ref="i178"/><CoordinateSystemName>axis2</CoordinateSystemName><Dynamics z:Ref="i190"/><Limit z:Ref="i182"/><Mimic z:Ref="i198"/><NameAttribute z:Ref="i171"/><Origin z:Ref="i173"/><Parent z:Ref="i176"/><Safety z:Ref="i193"/><TypeAttribute z:Ref="i172"/></URDFElement></ChildElements><ElementName>link</ElementName><required>true</required><Children><Link z:Id="i202"><Attributes><Attribute z:Id="i203"><AttributeType>name</AttributeType><IsRequired>true</IsRequired><Value i:type="a:string" xmlns:a="http://www.w3.org/2001/XMLSchema">wheel_link</Value></Attribute></Attributes><ChildElements><URDFElement z:Id="i204" i:type="Inertial"><Attributes/><ChildElements><URDFElement z:Id="i205" i:type="Origin"><Attributes><Attribute z:Id="i206"><AttributeType>xyz</AttributeType><IsRequired>true</IsRequired><Value i:type="a:ArrayOfdouble" xmlns:a="http://schemas.microsoft.com/2003/10/Serialization/Arrays"><a:double>2.0595764677056039E-13</a:double><a:double>-1.8463361721315907E-06</a:double><a:double>-3.1979480543398164E-06</a:double></Value></Attribute><Attribute z:Id="i207"><AttributeType>rpy</AttributeType><IsRequired>true</IsRequired><Value i:type="a:ArrayOfdouble" xmlns:a="http://schemas.microsoft.com/2003/10/Serialization/Arrays"><a:double>0</a:double><a:double>0</a:double><a:double>0</a:double></Value></Attribute></Attributes><ChildElements/><ElementName>origin</ElementName><required>false</required><RPYAttribute z:Ref="i207"/><XYZAttribute z:Ref="i206"/><isCustomized>false</isCustomized></URDFElement><URDFElement z:Id="i208" i:type="Mass"><Attributes><Attribute z:Id="i209"><AttributeType>value</AttributeType><IsRequired>true</IsRequired><Value i:type="a:double" xmlns:a="http://www.w3.org/2001/XMLSchema">0.51812017798114962</Value></Attribute></Attributes><ChildElements/><ElementName>mass</ElementName><required>false</required><ValueAttribute z:Ref="i209"/></URDFElement><URDFElement z:Id="i210" i:type="Inertia"><Attributes><Attribute z:Id="i211"><AttributeType>ixx</AttributeType><IsRequired>true</IsRequired><Value i:type="a:double" xmlns:a="http://www.w3.org/2001/XMLSchema">0.0010937527929817362</Value></Attribute><Attribute z:Id="i212"><AttributeType>ixy</AttributeType><IsRequired>true</IsRequired><Value i:type="a:double" xmlns:a="http://www.w3.org/2001/XMLSchema">8.7919457061014334E-16</Value></Attribute><Attribute z:Id="i213"><AttributeType>ixz</AttributeType><IsRequired>true</IsRequired><Value i:type="a:double" xmlns:a="http://www.w3.org/2001/XMLSchema">1.5242800113420145E-15</Value></Attribute><Attribute z:Id="i214"><AttributeType>iyy</AttributeType><IsRequired>true</IsRequired><Value i:type="a:double" xmlns:a="http://www.w3.org/2001/XMLSchema">0.0013650347757821573</Value></Attribute><Attribute z:Id="i215"><AttributeType>iyz</AttributeType><IsRequired>true</IsRequired><Value i:type="a:double" xmlns:a="http://www.w3.org/2001/XMLSchema">0.00046987417738834908</Value></Attribute><Attribute z:Id="i216"><AttributeType>izz</AttributeType><IsRequired>true</IsRequired><Value i:type="a:double" xmlns:a="http://www.w3.org/2001/XMLSchema">0.001907598741383007</Value></Attribute></Attributes><ChildElements/><ElementName>inertia</ElementName><required>false</required><IxxAttribute z:Ref="i211"/><IxyAttribute z:Ref="i212"/><IxzAttribute z:Ref="i213"/><IyyAttribute z:Ref="i214"/><IyzAttribute z:Ref="i215"/><IzzAttribute z:Ref="i216"/></URDFElement></ChildElements><ElementName>inertial</ElementName><required>false</required><Inertia z:Ref="i210"/><Mass z:Ref="i208"/><Origin z:Ref="i205"/></URDFElement><URDFElement z:Id="i217" i:type="Visual"><Attributes/><ChildElements><URDFElement z:Id="i218" i:type="Origin"><Attributes><Attribute z:Id="i219"><AttributeType>xyz</AttributeType><IsRequired>true</IsRequired><Value i:type="a:ArrayOfdouble" xmlns:a="http://schemas.microsoft.com/2003/10/Serialization/Arrays"><a:double>0</a:double><a:double>0</a:double><a:double>0</a:double></Value></Attribute><Attribute z:Id="i220"><AttributeType>rpy</AttributeType><IsRequired>true</IsRequired><Value i:type="a:ArrayOfdouble" xmlns:a="http://schemas.microsoft.com/2003/10/Serialization/Arrays"><a:double>0</a:double><a:double>0</a:double><a:double>0</a:double></Value></Attribute></Attributes><ChildElements/><ElementName>origin</ElementName><required>false</required><RPYAttribute z:Ref="i220"/><XYZAttribute z:Ref="i219"/><isCustomized>false</isCustomized></URDFElement><URDFElement z:Id="i221" i:type="Geometry"><Attributes/><ChildElements><URDFElement z:Id="i222" i:type="Mesh"><Attributes><Attribute z:Id="i223"><AttributeType>filename</AttributeType><IsRequired>true</IsRequired><Value i:nil="true"/></Attribute></Attributes><ChildElements/><ElementName>mesh</ElementName><required>false</required><FilenameAttribute z:Ref="i223"/></URDFElement></ChildElements><ElementName>geometry</ElementName><required>true</required><Mesh z:Ref="i222"/></URDFElement><URDFElement z:Id="i224" i:type="Material"><Attributes><Attribute z:Id="i225"><AttributeType>name</AttributeType><IsRequired>true</IsRequired><Value i:type="a:string" xmlns:a="http://www.w3.org/2001/XMLSchema"/></Attribute></Attributes><ChildElements><URDFElement z:Id="i226" i:type="Color"><Attributes><Attribute z:Id="i227"><AttributeType>rgba</AttributeType><IsRequired>true</IsRequired><Value i:type="a:ArrayOfdouble" xmlns:a="http://schemas.microsoft.com/2003/10/Serialization/Arrays"><a:double>0.6470588235294118</a:double><a:double>0.61960784313725492</a:double><a:double>0.58823529411764708</a:double><a:double>1</a:double></Value></Attribute></Attributes><ChildElements/><ElementName>color</ElementName><required>false</required><RGBAAttribute z:Ref="i227"/></URDFElement><URDFElement z:Id="i228" i:type="Texture"><Attributes><Attribute z:Id="i229"><AttributeType>filename</AttributeType><IsRequired>true</IsRequired><Value i:nil="true"/></Attribute></Attributes><ChildElements/><ElementName>texture</ElementName><required>false</required><FilenameAttribute z:Ref="i229"/><wFilename/></URDFElement></ChildElements><ElementName>material</ElementName><required>false</required><Color z:Ref="i226"/><NameAttribute z:Ref="i225"/><Texture z:Ref="i228"/></URDFElement></ChildElements><ElementName>visual</ElementName><required>false</required><Geometry z:Ref="i221"/><Material z:Ref="i224"/><Origin z:Ref="i218"/></URDFElement><URDFElement z:Id="i230" i:type="Collision"><Attributes/><ChildElements><URDFElement z:Id="i231" i:type="Origin"><Attributes><Attribute z:Id="i232"><AttributeType>xyz</AttributeType><IsRequired>true</IsRequired><Value i:type="a:ArrayOfdouble" xmlns:a="http://schemas.microsoft.com/2003/10/Serialization/Arrays"><a:double>0</a:double><a:double>0</a:double><a:double>0</a:double></Value></Attribute><Attribute z:Id="i233"><AttributeType>rpy</AttributeType><IsRequired>true</IsRequired><Value i:type="a:ArrayOfdouble" xmlns:a="http://schemas.microsoft.com/2003/10/Serialization/Arrays"><a:double>0</a:double><a:double>0</a:double><a:double>0</a:double></Value></Attribute></Attributes><ChildElements/><ElementName>origin</ElementName><required>false</required><RPYAttribute z:Ref="i233"/><XYZAttribute z:Ref="i232"/><isCustomized>false</isCustomized></URDFElement><URDFElement z:Id="i234" i:type="Geometry"><Attributes/><ChildElements><URDFElement z:Id="i235" i:type="Mesh"><Attributes><Attribute z:Id="i236"><AttributeType>filename</AttributeType><IsRequired>true</IsRequired><Value i:nil="true"/></Attribute></Attributes><ChildElements/><ElementName>mesh</ElementName><required>false</required><FilenameAttribute z:Ref="i236"/></URDFElement></ChildElements><ElementName>geometry</ElementName><required>true</required><Mesh z:Ref="i235"/></URDFElement></ChildElements><ElementName>collision</ElementName><required>false</required><Geometry z:Ref="i234"/><Origin z:Ref="i231"/></URDFElement><URDFElement z:Id="i237" i:type="Joint"><Attributes><Attribute z:Id="i238"><AttributeType>name</AttributeType><IsRequired>true</IsRequired><Value i:type="a:string" xmlns:a="http://www.w3.org/2001/XMLSchema">wheel_joint</Value></Attribute><Attribute z:Id="i239"><AttributeType>type</AttributeType><IsRequired>true</IsRequired><Value i:type="a:string" xmlns:a="http://www.w3.org/2001/XMLSchema">continuous</Value></Attribute></Attributes><ChildElements><URDFElement z:Id="i240" i:type="Origin"><Attributes><Attribute z:Id="i241"><AttributeType>xyz</AttributeType><IsRequired>true</IsRequired><Value i:type="a:ArrayOfdouble" xmlns:a="http://schemas.microsoft.com/2003/10/Serialization/Arrays"><a:double>0</a:double><a:double>0.073146</a:double><a:double>-0.13735</a:double></Value></Attribute><Attribute z:Id="i242"><AttributeType>rpy</AttributeType><IsRequired>true</IsRequired><Value i:type="a:ArrayOfdouble" xmlns:a="http://schemas.microsoft.com/2003/10/Serialization/Arrays"><a:double>-1.5708</a:double><a:double>0</a:double><a:double>0</a:double></Value></Attribute></Attributes><ChildElements/><ElementName>origin</ElementName><required>false</required><RPYAttribute z:Ref="i242"/><XYZAttribute z:Ref="i241"/><isCustomized>false</isCustomized></URDFElement><URDFElement z:Id="i243" i:type="ParentLink"><Attributes><Attribute z:Id="i244"><AttributeType>link</AttributeType><IsRequired>true</IsRequired><Value i:type="a:string" xmlns:a="http://www.w3.org/2001/XMLSchema">link2</Value></Attribute></Attributes><ChildElements/><ElementName>parent</ElementName><required>true</required><NameAttribute z:Ref="i244"/></URDFElement><URDFElement z:Id="i245" i:type="ChildLink"><Attributes><Attribute z:Id="i246"><AttributeType>link</AttributeType><IsRequired>true</IsRequired><Value i:type="a:string" xmlns:a="http://www.w3.org/2001/XMLSchema">wheel_link</Value></Attribute></Attributes><ChildElements/><ElementName>child</ElementName><required>true</required><NameAttribute z:Ref="i246"/></URDFElement><URDFElement z:Id="i247" i:type="Axis"><Attributes><Attribute z:Id="i248"><AttributeType>xyz</AttributeType><IsRequired>true</IsRequired><Value i:type="a:ArrayOfdouble" xmlns:a="http://schemas.microsoft.com/2003/10/Serialization/Arrays"><a:double>0</a:double><a:double>-0.5</a:double><a:double>-0.86603</a:double></Value></Attribute></Attributes><ChildElements/><ElementName>axis</ElementName><required>false</required><XYZAttribute z:Ref="i248"/></URDFElement><URDFElement z:Id="i249" i:type="Limit"><Attributes><Attribute z:Id="i250"><AttributeType>lower</AttributeType><IsRequired>false</IsRequired><Value i:nil="true"/></Attribute><Attribute z:Id="i251"><AttributeType>upper</AttributeType><IsRequired>false</IsRequired><Value i:nil="true"/></Attribute><Attribute z:Id="i252"><AttributeType>effort</AttributeType><IsRequired>true</IsRequired><Value i:nil="true"/></Attribute><Attribute z:Id="i253"><AttributeType>velocity</AttributeType><IsRequired>true</IsRequired><Value i:nil="true"/></Attribute></Attributes><ChildElements/><ElementName>limit</ElementName><required>false</required><EffortAttribute z:Ref="i252"/><LowerAttribute z:Ref="i250"/><UpperAttribute z:Ref="i251"/><VelocityAttribute z:Ref="i253"/></URDFElement><URDFElement z:Id="i254" i:type="Calibration"><Attributes><Attribute z:Id="i255"><AttributeType>rising</AttributeType><IsRequired>false</IsRequired><Value i:nil="true"/></Attribute><Attribute z:Id="i256"><AttributeType>falling</AttributeType><IsRequired>false</IsRequired><Value i:nil="true"/></Attribute></Attributes><ChildElements/><ElementName>calibration</ElementName><required>false</required><FallingAttribute z:Ref="i256"/><RisingAttribute z:Ref="i255"/></URDFElement><URDFElement z:Id="i257" i:type="Dynamics"><Attributes><Attribute z:Id="i258"><AttributeType>damping</AttributeType><IsRequired>false</IsRequired><Value i:nil="true"/></Attribute><Attribute z:Id="i259"><AttributeType>friction</AttributeType><IsRequired>false</IsRequired><Value i:nil="true"/></Attribute></Attributes><ChildElements/><ElementName>dynamics</ElementName><required>false</required><DampingAttribute z:Ref="i258"/><FrictionAttribute z:Ref="i259"/></URDFElement><URDFElement z:Id="i260" i:type="SafetyController"><Attributes><Attribute z:Id="i261"><AttributeType>soft_upper_limit</AttributeType><IsRequired>false</IsRequired><Value i:nil="true"/></Attribute><Attribute z:Id="i262"><AttributeType>soft_lower_limit</AttributeType><IsRequired>false</IsRequired><Value i:nil="true"/></Attribute><Attribute z:Id="i263"><AttributeType>k_position</AttributeType><IsRequired>false</IsRequired><Value i:nil="true"/></Attribute><Attribute z:Id="i264"><AttributeType>k_velocity</AttributeType><IsRequired>true</IsRequired><Value i:nil="true"/></Attribute></Attributes><ChildElements/><ElementName>safety_controller</ElementName><required>false</required><KPositionAttribute z:Ref="i263"/><KVelocityAttribute z:Ref="i264"/><SoftLowerAttribute z:Ref="i262"/><SoftUpperAttribute z:Ref="i261"/></URDFElement><URDFElement z:Id="i265" i:type="Mimic"><Attributes><Attribute z:Id="i266"><AttributeType>joint</AttributeType><IsRequired>true</IsRequired><Value i:nil="true"/></Attribute><Attribute z:Id="i267"><AttributeType>multiplier</AttributeType><IsRequired>false</IsRequired><Value i:nil="true"/></Attribute><Attribute z:Id="i268"><AttributeType>offset</AttributeType><IsRequired>false</IsRequired><Value i:nil="true"/></Attribute></Attributes><ChildElements/><ElementName>mimic</ElementName><required>false</required><JointNameAttribute z:Ref="i266"/><MultiplierAttribute z:Ref="i267"/><OffsetAttribute z:Ref="i268"/></URDFElement></ChildElements><ElementName>joint</ElementName><required>false</required><Axis z:Ref="i247"/><AxisName>line3</AxisName><Calibration z:Ref="i254"/><Child z:Ref="i245"/><CoordinateSystemName>axis3</CoordinateSystemName><Dynamics z:Ref="i257"/><Limit z:Ref="i249"/><Mimic z:Ref="i265"/><NameAttribute z:Ref="i238"/><Origin z:Ref="i240"/><Parent z:Ref="i243"/><Safety z:Ref="i260"/><TypeAttribute z:Ref="i239"/></URDFElement></ChildElements><ElementName>link</ElementName><required>true</required><Children/><Collision z:Ref="i230"/><Inertial z:Ref="i204"/><Joint z:Ref="i237"/><NameAttribute z:Ref="i203"/><Parent z:Ref="i135"/><STLQualityFine>false</STLQualityFine><SWComponentPIDs xmlns:a="http://schemas.microsoft.com/2003/10/Serialization/Arrays"><a:base64Binary>aEIAAAUAAAD//v8ZSQBuAGkAdABpAGEAVwBoAGUAZQBsADIALQAxAEAAdwBoAGUAZQBsAF8AdQByAGQAZgAEAAAAEAAAAAEAAAABAAAAUwAAAA==</a:base64Binary></SWComponentPIDs><SWMainComponentPID i:nil="true"/><Visual z:Ref="i217"/><isFixedFrame>false</isFixedFrame><isIncomplete>false</isIncomplete></Link></Children><Collision z:Ref="i163"/><Inertial z:Ref="i137"/><Joint z:Ref="i170"/><NameAttribute z:Ref="i136"/><Parent z:Ref="i68"/><STLQualityFine>false</STLQualityFine><SWComponentPIDs xmlns:a="http://schemas.microsoft.com/2003/10/Serialization/Arrays"><a:base64Binary>aEIAAAUAAAD//v8nMQAxACAAFn8BeGhWIABJAFAANQA0AC0AQgBSAFQANQAwAC0AOABtAG0AdI8uAHMAdABwAC0AMQBAAHcAaABlAGUAbABfAHUAcgBkAGYABAAAABAAAAABAAAAAQAAAC0AAAA=</a:base64Binary><a:base64Binary>aEIAAAUAAAD//v8PHXgBeC0AMQBAAHcAaABlAGUAbABfAHUAcgBkAGYABAAAABAAAAABAAAAAQAAAGgAAAA=</a:base64Binary><a:base64Binary>aEIAAAUAAAD//v8STZHNkVdX+laaWy0AMQBAAHcAaABlAGUAbABfAHUAcgBkAGYABAAAABAAAAABAAAAAQAAAHAAAAA=</a:base64Binary><a:base64Binary>aEIAAAUAAAD//v8PcI2/fi0AMQBAAHcAaABlAGUAbABfAHUAcgBkAGYABAAAABAAAAABAAAAAQAAAGEAAAA=</a:base64Binary><a:base64Binary>aEIAAAUAAAD//v8QSQBNAFUALQAxAEAAdwBoAGUAZQBsAF8AdQByAGQAZgAEAAAAEAAAAAEAAAABAAAAdAAAAA==</a:base64Binary><a:base64Binary>aEIAAAUAAAD//v8wcgBvAGIAbwB0AG0AYQBzAHQAZQByAEEAi1d/Zy0AMQBAAHcAaABlAGUAbABfAHUAcgBkAGYALwA1de+Nf2ctADEAQAByAG8AYgBvAHQAbQBhAHMAdABlAHIAQQCLV39nBAAAABAAAAABAAAAAgAAACMAAAARAAAA</a:base64Binary><a:base64Binary>aEIAAAUAAAD//v8bTQBGADYAMAAxADAALQAzAEQALgBzAHQAZQBwAC0AMQBAAHcAaABlAGUAbABfAHUAcgBkAGYABAAAABAAAAABAAAAAQAAABoAAAA=</a:base64Binary><a:base64Binary>aEIAAAUAAAD//v8UMQAwAKZe+laaW96PpWMtADEAQAB3AGgAZQBlAGwAXwB1AHIAZABmAAQAAAAQAAAAAQAAAAEAAAA8AQAA</a:base64Binary><a:base64Binary>aEIAAAUAAAD//v8SUABhAG4AZQAxAC0AMQBAAHcAaABlAGUAbABfAHUAcgBkAGYABAAAABAAAAABAAAAAQAAABkAAAA=</a:base64Binary><a:base64Binary>aEIAAAUAAAD//v80cgBvAGIAbwB0AG0AYQBzAHQAZQByAEEAi1d/Zy0AMQBAAHcAaABlAGUAbABfAHUAcgBkAGYALwBTAHcAaQB0AGgAYwAyAC0AMQBAAHIAbwBiAG8AdABtAGEAcwB0AGUAcgBBAItXf2cEAAAAEAAAAAEAAAACAAAAIwAAADwAAAA=</a:base64Binary><a:base64Binary>aEIAAAUAAAD//v80cgBvAGIAbwB0AG0AYQBzAHQAZQByAEEAi1d/Zy0AMQBAAHcAaABlAGUAbABfAHUAcgBkAGYALwBTAHcAaQB0AGgAYwA0AC0AMQBAAHIAbwBiAG8AdABtAGEAcwB0AGUAcgBBAItXf2cEAAAAEAAAAAEAAAACAAAAIwAAADsAAAA=</a:base64Binary><a:base64Binary>aEIAAAUAAAD//v8wcgBvAGIAbwB0AG0AYQBzAHQAZQByAEEAi1d/Zy0AMQBAAHcAaABlAGUAbABfAHUAcgBkAGYALwBDUfZOMwAtADEAQAByAG8AYgBvAHQAbQBhAHMAdABlAHIAQQCLV39nBAAAABAAAAABAAAAAgAAACMAAAA5AAAA</a:base64Binary><a:base64Binary>aEIAAAUAAAD//v81cgBvAGIAbwB0AG0AYQBzAHQAZQByAEEAi1d/Zy0AMQBAAHcAaABlAGUAbABfAHUAcgBkAGYALwAxAHgAMwBwAGkAbgAtAHcALQAxAEAAcgBvAGIAbwB0AG0AYQBzAHQAZQByAEEAi1d/ZwQAAAAQAAAAAQAAAAIAAAAjAAAANwAAAA==</a:base64Binary><a:base64Binary>aEIAAAUAAAD//v86cgBvAGIAbwB0AG0AYQBzAHQAZQByAEEAi1d/Zy0AMQBAAHcAaABlAGUAbABfAHUAcgBkAGYALwAyAFAAaQBuACAALQAgADEALgAyADUAbQBtAC0AMQBAAHIAbwBiAG8AdABtAGEAcwB0AGUAcgBBAItXf2cEAAAAEAAAAAEAAAACAAAAIwAAADYAAAA=</a:base64Binary><a:base64Binary>aEIAAAUAAAD//v8xcgBvAGIAbwB0AG0AYQBzAHQAZQByAEEAi1d/Zy0AMQBAAHcAaABlAGUAbABfAHUAcgBkAGYALwBjAGEAbgAyAC0ANwBAAHIAbwBiAG8AdABtAGEAcwB0AGUAcgBBAItXf2cEAAAAEAAAAAEAAAACAAAAIwAAADIAAAA=</a:base64Binary><a:base64Binary>aEIAAAUAAAD//v8xcgBvAGIAbwB0AG0AYQBzAHQAZQByAEEAi1d/Zy0AMQBAAHcAaABlAGUAbABfAHUAcgBkAGYALwBjAGEAbgAyAC0ANgBAAHIAbwBiAG8AdABtAGEAcwB0AGUAcgBBAItXf2cEAAAAEAAAAAEAAAACAAAAIwAAADEAAAA=</a:base64Binary><a:base64Binary>aEIAAAUAAAD//v8xcgBvAGIAbwB0AG0AYQBzAHQAZQByAEEAi1d/Zy0AMQBAAHcAaABlAGUAbABfAHUAcgBkAGYALwBjAGEAbgAyAC0AMwBAAHIAbwBiAG8AdABtAGEAcwB0AGUAcgBBAItXf2cEAAAAEAAAAAEAAAACAAAAIwAAAC4AAAA=</a:base64Binary><a:base64Binary>aEIAAAUAAAD//v8xcgBvAGIAbwB0AG0AYQBzAHQAZQByAEEAi1d/Zy0AMQBAAHcAaABlAGUAbABfAHUAcgBkAGYALwBjAGEAbgAyAC0ANABAAHIAbwBiAG8AdABtAGEAcwB0AGUAcgBBAItXf2cEAAAAEAAAAAEAAAACAAAAIwAAAC8AAAA=</a:base64Binary><a:base64Binary>aEIAAAUAAAD//v8xcgBvAGIAbwB0AG0AYQBzAHQAZQByAEEAi1d/Zy0AMQBAAHcAaABlAGUAbABfAHUAcgBkAGYALwBjAGEAbgAyAC0AMgBAAHIAbwBiAG8AdABtAGEAcwB0AGUAcgBBAItXf2cEAAAAEAAAAAEAAAACAAAAIwAAAC0AAAA=</a:base64Binary><a:base64Binary>aEIAAAUAAAD//v8xcgBvAGIAbwB0AG0AYQBzAHQAZQByAEEAi1d/Zy0AMQBAAHcAaABlAGUAbABfAHUAcgBkAGYALwBjAGEAbgAyAC0ANQBAAHIAbwBiAG8AdABtAGEAcwB0AGUAcgBBAItXf2cEAAAAEAAAAAEAAAACAAAAIwAAADAAAAA=</a:base64Binary><a:base64Binary>aEIAAAUAAAD//v82cgBvAGIAbwB0AG0AYQBzAHQAZQByAEEAi1d/Zy0AMQBAAHcAaABlAGUAbABfAHUAcgBkAGYALwBTAFQATQAzADIARgA0ADIANwAtADEAQAByAG8AYgBvAHQAbQBhAHMAdABlAHIAQQCLV39nBAAAABAAAAABAAAAAgAAACMAAAA6AAAA</a:base64Binary><a:base64Binary>aEIAAAUAAAD//v9DcgBvAGIAbwB0AG0AYQBzAHQAZQByAEEAi1d/Zy0AMQBAAHcAaABlAGUAbABfAHUAcgBkAGYALwBEAFMAMQAwADQAMAAtADAAMwAgACgARABJAFAAXwBzAHcAaQB0AGMAaAApAC0AMQBAAHIAbwBiAG8AdABtAGEAcwB0AGUAcgBBAItXf2cEAAAAEAAAAAEAAAACAAAAIwAAADgAAAA=</a:base64Binary><a:base64Binary>aEIAAAUAAAD//v8xcgBvAGIAbwB0AG0AYQBzAHQAZQByAEEAi1d/Zy0AMQBAAHcAaABlAGUAbABfAHUAcgBkAGYALwBPAEwARQBEAC0AMQBAAHIAbwBiAG8AdABtAGEAcwB0AGUAcgBBAItXf2cEAAAAEAAAAAEAAAACAAAAIwAAADQAAAA=</a:base64Binary><a:base64Binary>aEIAAAUAAAD//v8xcgBvAGIAbwB0AG0AYQBzAHQAZQByAEEAi1d/Zy0AMQBAAHcAaABlAGUAbABfAHUAcgBkAGYALwBjAGEAbgAyAC0AOABAAHIAbwBiAG8AdABtAGEAcwB0AGUAcgBBAItXf2cEAAAAEAAAAAEAAAACAAAAIwAAADMAAAA=</a:base64Binary><a:base64Binary>aEIAAAUAAAD//v8xcgBvAGIAbwB0AG0AYQBzAHQAZQByAEEAi1d/Zy0AMQBAAHcAaABlAGUAbABfAHUAcgBkAGYALwBjAGEAbgAxAC0ANQBAAHIAbwBiAG8AdABtAGEAcwB0AGUAcgBBAItXf2cEAAAAEAAAAAEAAAACAAAAIwAAACkAAAA=</a:base64Binary><a:base64Binary>aEIAAAUAAAD//v8xcgBvAGIAbwB0AG0AYQBzAHQAZQByAEEAi1d/Zy0AMQBAAHcAaABlAGUAbABfAHUAcgBkAGYALwBjAGEAbgAxAC0ANABAAHIAbwBiAG8AdABtAGEAcwB0AGUAcgBBAItXf2cEAAAAEAAAAAEAAAACAAAAIwAAACgAAAA=</a:base64Binary><a:base64Binary>aEIAAAUAAAD//v86cgBvAGIAbwB0AG0AYQBzAHQAZQByAEEAi1d/Zy0AMQBAAHcAaABlAGUAbABfAHUAcgBkAGYALwBBAG0AYQBzAHMAXwBYAFQAMwAwAFUALQBGAC0ANwBAAHIAbwBiAG8AdABtAGEAcwB0AGUAcgBBAItXf2cEAAAAEAAAAAEAAAACAAAAIwAAACQAAAA=</a:base64Binary><a:base64Binary>aEIAAAUAAAD//v86cgBvAGIAbwB0AG0AYQBzAHQAZQByAEEAi1d/Zy0AMQBAAHcAaABlAGUAbABfAHUAcgBkAGYALwBBAG0AYQBzAHMAXwBYAFQAMwAwAFUALQBGAC0AMwBAAHIAbwBiAG8AdABtAGEAcwB0AGUAcgBBAItXf2cEAAAAEAAAAAEAAAACAAAAIwAAACAAAAA=</a:base64Binary><a:base64Binary>aEIAAAUAAAD//v8xcgBvAGIAbwB0AG0AYQBzAHQAZQByAEEAi1d/Zy0AMQBAAHcAaABlAGUAbABfAHUAcgBkAGYALwBjAGEAbgAxAC0AMQBAAHIAbwBiAG8AdABtAGEAcwB0AGUAcgBBAItXf2cEAAAAEAAAAAEAAAACAAAAIwAAACUAAAA=</a:base64Binary><a:base64Binary>aEIAAAUAAAD//v86cgBvAGIAbwB0AG0AYQBzAHQAZQByAEEAi1d/Zy0AMQBAAHcAaABlAGUAbABfAHUAcgBkAGYALwBBAG0AYQBzAHMAXwBYAFQAMwAwAFUALQBGAC0ANABAAHIAbwBiAG8AdABtAGEAcwB0AGUAcgBBAItXf2cEAAAAEAAAAAEAAAACAAAAIwAAACEAAAA=</a:base64Binary><a:base64Binary>aEIAAAUAAAD//v86cgBvAGIAbwB0AG0AYQBzAHQAZQByAEEAi1d/Zy0AMQBAAHcAaABlAGUAbABfAHUAcgBkAGYALwBBAG0AYQBzAHMAXwBYAFQAMwAwAFUALQBGAC0AMgBAAHIAbwBiAG8AdABtAGEAcwB0AGUAcgBBAItXf2cEAAAAEAAAAAEAAAACAAAAIwAAAB4AAAA=</a:base64Binary><a:base64Binary>aEIAAAUAAAD//v86cgBvAGIAbwB0AG0AYQBzAHQAZQByAEEAi1d/Zy0AMQBAAHcAaABlAGUAbABfAHUAcgBkAGYALwBBAG0AYQBzAHMAXwBYAFQAMwAwAFUALQBGAC0ANgBAAHIAbwBiAG8AdABtAGEAcwB0AGUAcgBBAItXf2cEAAAAEAAAAAEAAAACAAAAIwAAACMAAAA=</a:base64Binary><a:base64Binary>aEIAAAUAAAD//v8xcgBvAGIAbwB0AG0AYQBzAHQAZQByAEEAi1d/Zy0AMQBAAHcAaABlAGUAbABfAHUAcgBkAGYALwBjAGEAbgAyAC0AMQBAAHIAbwBiAG8AdABtAGEAcwB0AGUAcgBBAItXf2cEAAAAEAAAAAEAAAACAAAAIwAAACwAAAA=</a:base64Binary><a:base64Binary>aEIAAAUAAAD//v8xcgBvAGIAbwB0AG0AYQBzAHQAZQByAEEAi1d/Zy0AMQBAAHcAaABlAGUAbABfAHUAcgBkAGYALwBjAGEAbgAxAC0ANgBAAHIAbwBiAG8AdABtAGEAcwB0AGUAcgBBAItXf2cEAAAAEAAAAAEAAAACAAAAIwAAACoAAAA=</a:base64Binary><a:base64Binary>aEIAAAUAAAD//v87cgBvAGIAbwB0AG0AYQBzAHQAZQByAEEAi1d/Zy0AMQBAAHcAaABlAGUAbABfAHUAcgBkAGYALwBBAG0AYQBzAHMAXwBYAFQAMwAwAFAAVwAtAE0ALQAxAEAAcgBvAGIAbwB0AG0AYQBzAHQAZQByAEEAi1d/ZwQAAAAQAAAAAQAAAAIAAAAjAAAAHwAAAA==</a:base64Binary><a:base64Binary>aEIAAAUAAAD//v8xcgBvAGIAbwB0AG0AYQBzAHQAZQByAEEAi1d/Zy0AMQBAAHcAaABlAGUAbABfAHUAcgBkAGYALwBjAGEAbgAxAC0ANwBAAHIAbwBiAG8AdABtAGEAcwB0AGUAcgBBAItXf2cEAAAAEAAAAAEAAAACAAAAIwAAACsAAAA=</a:base64Binary><a:base64Binary>aEIAAAUAAAD//v8xcgBvAGIAbwB0AG0AYQBzAHQAZQByAEEAi1d/Zy0AMQBAAHcAaABlAGUAbABfAHUAcgBkAGYALwBjAGEAbgAxAC0AMgBAAHIAbwBiAG8AdABtAGEAcwB0AGUAcgBBAItXf2cEAAAAEAAAAAEAAAACAAAAIwAAACYAAAA=</a:base64Binary><a:base64Binary>aEIAAAUAAAD//v8xcgBvAGIAbwB0AG0AYQBzAHQAZQByAEEAi1d/Zy0AMQBAAHcAaABlAGUAbABfAHUAcgBkAGYALwBjAGEAbgAxAC0AMwBAAHIAbwBiAG8AdABtAGEAcwB0AGUAcgBBAItXf2cEAAAAEAAAAAEAAAACAAAAIwAAACcAAAA=</a:base64Binary><a:base64Binary>aEIAAAUAAAD//v86cgBvAGIAbwB0AG0AYQBzAHQAZQByAEEAi1d/Zy0AMQBAAHcAaABlAGUAbABfAHUAcgBkAGYALwBBAG0AYQBzAHMAXwBYAFQAMwAwAFUALQBGAC0ANQBAAHIAbwBiAG8AdABtAGEAcwB0AGUAcgBBAItXf2cEAAAAEAAAAAEAAAACAAAAIwAAACIAAAA=</a:base64Binary><a:base64Binary>aEIAAAUAAAD//v8wcgBvAGIAbwB0AG0AYQBzAHQAZQByAEEAi1d/Zy0AMQBAAHcAaABlAGUAbABfAHUAcgBkAGYALwBDUfZOMgAtADEAQAByAG8AYgBvAHQAbQBhAHMAdABlAHIAQQCLV39nBAAAABAAAAABAAAAAgAAACMAAAAcAAAA</a:base64Binary><a:base64Binary>aEIAAAUAAAD//v8wcgBvAGIAbwB0AG0AYQBzAHQAZQByAEEAi1d/Zy0AMQBAAHcAaABlAGUAbABfAHUAcgBkAGYALwAzAHgAOAAtADEAQAByAG8AYgBvAHQAbQBhAHMAdABlAHIAQQCLV39nBAAAABAAAAABAAAAAgAAACMAAAAaAAAA</a:base64Binary><a:base64Binary>aEIAAAUAAAD//v8zcgBvAGIAbwB0AG0AYQBzAHQAZQByAEEAi1d/Zy0AMQBAAHcAaABlAGUAbABfAHUAcgBkAGYALwAxAHgAMwBwAGkAbgAtADEAQAByAG8AYgBvAHQAbQBhAHMAdABlAHIAQQCLV39nBAAAABAAAAABAAAAAgAAACMAAAAVAAAA</a:base64Binary><a:base64Binary>aEIAAAUAAAD//v8wcgBvAGIAbwB0AG0AYQBzAHQAZQByAEEAi1d/Zy0AMQBAAHcAaABlAGUAbABfAHUAcgBkAGYALwBDUfZOMQAtADEAQAByAG8AYgBvAHQAbQBhAHMAdABlAHIAQQCLV39nBAAAABAAAAABAAAAAgAAACMAAAASAAAA</a:base64Binary><a:base64Binary>aEIAAAUAAAD//v80cgBvAGIAbwB0AG0AYQBzAHQAZQByAEEAi1d/Zy0AMQBAAHcAaABlAGUAbABfAHUAcgBkAGYALwAyAHgAMQAwAHAAaQBuAC0AMQBAAHIAbwBiAG8AdABtAGEAcwB0AGUAcgBBAItXf2cEAAAAEAAAAAEAAAACAAAAIwAAABkAAAA=</a:base64Binary><a:base64Binary>aEIAAAUAAAD//v82cgBvAGIAbwB0AG0AYQBzAHQAZQByAEEAi1d/Zy0AMQBAAHcAaABlAGUAbABfAHUAcgBkAGYALwBtAGkAYwByAG8AIABVAFMAQgAtADEAQAByAG8AYgBvAHQAbQBhAHMAdABlAHIAQQCLV39nBAAAABAAAAABAAAAAgAAACMAAAAUAAAA</a:base64Binary><a:base64Binary>aEIAAAUAAAD//v8zcgBvAGIAbwB0AG0AYQBzAHQAZQByAEEAi1d/Zy0AMQBAAHcAaABlAGUAbABfAHUAcgBkAGYALwAxAHgAMwBwAGkAbgAtADQAQAByAG8AYgBvAHQAbQBhAHMAdABlAHIAQQCLV39nBAAAABAAAAABAAAAAgAAACMAAAAYAAAA</a:base64Binary><a:base64Binary>aEIAAAUAAAD//v8zcgBvAGIAbwB0AG0AYQBzAHQAZQByAEEAi1d/Zy0AMQBAAHcAaABlAGUAbABfAHUAcgBkAGYALwAxAHgAMwBwAGkAbgAtADIAQAByAG8AYgBvAHQAbQBhAHMAdABlAHIAQQCLV39nBAAAABAAAAABAAAAAgAAACMAAAAWAAAA</a:base64Binary><a:base64Binary>aEIAAAUAAAD//v86cgBvAGIAbwB0AG0AYQBzAHQAZQByAEEAi1d/Zy0AMQBAAHcAaABlAGUAbABfAHUAcgBkAGYALwBBAG0AYQBzAHMAXwBYAFQAMwAwAFUALQBGAC0AMQBAAHIAbwBiAG8AdABtAGEAcwB0AGUAcgBBAItXf2cEAAAAEAAAAAEAAAACAAAAIwAAAB0AAAA=</a:base64Binary><a:base64Binary>aEIAAAUAAAD//v8wcgBvAGIAbwB0AG0AYQBzAHQAZQByAEEAi1d/Zy0AMQBAAHcAaABlAGUAbABfAHUAcgBkAGYALwAzAHgAOAAtADIAQAByAG8AYgBvAHQAbQBhAHMAdABlAHIAQQCLV39nBAAAABAAAAABAAAAAgAAACMAAAAbAAAA</a:base64Binary><a:base64Binary>aEIAAAUAAAD//v8zcgBvAGIAbwB0AG0AYQBzAHQAZQByAEEAi1d/Zy0AMQBAAHcAaABlAGUAbABfAHUAcgBkAGYALwAxAHgAMwBwAGkAbgAtADMAQAByAG8AYgBvAHQAbQBhAHMAdABlAHIAQQCLV39nBAAAABAAAAABAAAAAgAAACMAAAAXAAAA</a:base64Binary><a:base64Binary>aEIAAAUAAAD//v80cgBvAGIAbwB0AG0AYQBzAHQAZQByAEEAi1d/Zy0AMQBAAHcAaABlAGUAbABfAHUAcgBkAGYALwBtAGkAYwByAG8AcwBkAC0AMQBAAHIAbwBiAG8AdABtAGEAcwB0AGUAcgBBAItXf2cEAAAAEAAAAAEAAAACAAAAIwAAABMAAAA=</a:base64Binary><a:base64Binary>aEIAAAUAAAD//v8PNXVgbC0AMQBAAHcAaABlAGUAbABfAHUAcgBkAGYABAAAABAAAAABAAAAAQAAADkAAAA=</a:base64Binary><a:base64Binary>aEIAAAUAAAD//v8TNXVgbPpWmlu2ZzEALQAxAEAAdwBoAGUAZQBsAF8AdQByAGQAZgAEAAAAEAAAAAEAAAABAAAAQAAAAA==</a:base64Binary></SWComponentPIDs><SWMainComponentPID i:nil="true"/><Visual z:Ref="i150"/><isFixedFrame>false</isFixedFrame><isIncomplete>false</isIncomplete></Link></Children><Collision z:Ref="i96"/><Inertial z:Ref="i70"/><Joint z:Ref="i103"/><NameAttribute z:Ref="i69"/><Parent z:Ref="i1"/><STLQualityFine>false</STLQualityFine><SWComponentPIDs xmlns:a="http://schemas.microsoft.com/2003/10/Serialization/Arrays"><a:base64Binary>aEIAAAUAAAD//v8WTQA2AHgAMQAyAHgAMQCrV0dyLQAyAEAAdwBoAGUAZQBsAF8AdQByAGQAZgAEAAAAEAAAAAEAAAABAAAAxAEAAA==</a:base64Binary><a:base64Binary>aEIAAAUAAAD//v8mQwBoAGEAbgBnAGUAXwBPAHYAZQByAF8AQgBvAGEAcgBkACgAMQApAC4AcwB0AGUAcAAtADEAQAB3AGgAZQBlAGwAXwB1AHIAZABmAAQAAAAQAAAAAQAAAAEAAACTAAAA</a:base64Binary><a:base64Binary>aEIAAAUAAAD//v8YOAB4AG0ANgB4ADEANgBeWFNiuocdTi0AMQBAAHcAaABlAGUAbABfAHUAcgBkAGYABAAAABAAAAABAAAAAQAAAAcBAAA=</a:base64Binary><a:base64Binary>aEIAAAUAAAD//v8TRgA2ADIAOABaAFoALQAzAEAAdwBoAGUAZQBsAF8AdQByAGQAZgAEAAAAEAAAAAEAAAABAAAAygEAAA==</a:base64Binary><a:base64Binary>aEIAAAUAAAD//v8Sf5WmXgOMdGVXVy0AMgBAAHcAaABlAGUAbABfAHUAcgBkAGYABAAAABAAAAABAAAAAQAAAGsBAAA=</a:base64Binary><a:base64Binary>aEIAAAUAAAD//v8Sf5WmXgOMdGVXVy0AMQBAAHcAaABlAGUAbABfAHUAcgBkAGYABAAAABAAAAABAAAAAQAAAGYBAAA=</a:base64Binary><a:base64Binary>aEIAAAUAAAD//v8R+laaW6deMgAtADEAQAB3AGgAZQBlAGwAXwB1AHIAZABmAAQAAAAQAAAAAQAAAAEAAACJAAAA</a:base64Binary><a:base64Binary>aEIAAAUAAAD//v8QqG0nfVdZLQAxAEAAdwBoAGUAZQBsAF8AdQByAGQAZgAEAAAAEAAAAAEAAAABAAAAMwAAAA==</a:base64Binary></SWComponentPIDs><SWMainComponentPID i:nil="true"/><Visual z:Ref="i83"/><isFixedFrame>false</isFixedFrame><isIncomplete>false</isIncomplete></Link></Children><Collision z:Ref="i29"/><Inertial z:Ref="i3"/><Joint z:Ref="i36"/><NameAttribute z:Ref="i2"/><Parent i:nil="true"/><STLQualityFine>false</STLQualityFine><SWComponentPIDs xmlns:a="http://schemas.microsoft.com/2003/10/Serialization/Arrays"><a:base64Binary>aEIAAAUAAAD//v8Pp15QWy0AMQBAAHcAaABlAGUAbABfAHUAcgBkAGYABAAAABAAAAABAAAAAQAAACgBAAA=</a:base64Binary><a:base64Binary>aEIAAAUAAAD//v8pOAAtADMAMAAzADAARgDdlItXUGdbADgALQAzADAAMwAwAEYALQBTAC0ATwBPAC0AMwAyADAAXQAtADEAQAB3AGgAZQBlAGwAXwB1AHIAZABmAAQAAAAQAAAAAQAAAAEAAAAPAQAA</a:base64Binary></SWComponentPIDs><SWMainComponentPID i:nil="true"/><Visual z:Ref="i16"/><isFixedFrame>false</isFixedFrame><isIncomplete>false</isIncomplete></Link>
2025-07-21 09:33:42,274 INFO  LinkNode.cs: 35 - Building node base_link
2025-07-21 09:33:42,274 INFO  LinkNode.cs: 35 - Building node link1
2025-07-21 09:33:42,275 INFO  LinkNode.cs: 35 - Building node link2
2025-07-21 09:33:42,275 INFO  LinkNode.cs: 35 - Building node wheel_link
2025-07-21 09:33:42,276 INFO  CommonSwOperations.cs: 221 - Loading SolidWorks components for base_link from C:\Users\gdut0\Desktop\WheelFutura\ÈýÎ¬Ä£ÐÍ\wheel_futura\wheel_urdf.SLDASM
2025-07-21 09:33:42,277 INFO  CommonSwOperations.cs: 245 - Loading component with PID hB     ????^P[- 1 @ w h e e l _ u r d f             (  
2025-07-21 09:33:42,278 INFO  CommonSwOperations.cs: 254 - Successfully loaded component C:\Users\gdut0\Desktop\WheelFutura\ÈýÎ¬Ä£ÐÍ\wheel_futura\×ù×Ó.SLDPRT
2025-07-21 09:33:42,281 INFO  CommonSwOperations.cs: 245 - Loading component with PID hB     ???)8 - 3 0 3 0 F ???WPg[ 8 - 3 0 3 0 F - S - O O - 3 2 0 ] - 1 @ w h e e l _ u r d f               
2025-07-21 09:33:42,308 INFO  CommonSwOperations.cs: 254 - Successfully loaded component C:\Users\gdut0\Desktop\WheelFutura\ÈýÎ¬Ä£ÐÍ\wheel_futura\V1.0\8-3030FÂÁÐÍ²Ä[8-3030F-S-OO-320].SLDPRT
2025-07-21 09:33:42,309 INFO  CommonSwOperations.cs: 230 - Loaded 2 components for link base_link
2025-07-21 09:33:42,309 INFO  CommonSwOperations.cs: 221 - Loading SolidWorks components for link1 from C:\Users\gdut0\Desktop\WheelFutura\ÈýÎ¬Ä£ÐÍ\wheel_futura\wheel_urdf.SLDASM
2025-07-21 09:33:42,309 INFO  CommonSwOperations.cs: 245 - Loading component with PID hB     ???M 6 x 1 2 x 1 ?WGr- 2 @ w h e e l _ u r d f             ?  
2025-07-21 09:33:42,310 INFO  CommonSwOperations.cs: 254 - Successfully loaded component C:\Users\gdut0\Desktop\WheelFutura\ÈýÎ¬Ä£ÐÍ\wheel_futura\M6x12x1µæÆ¬.SLDPRT
2025-07-21 09:33:42,310 INFO  CommonSwOperations.cs: 245 - Loading component with PID hB     ???&C h a n g e _ O v e r _ B o a r d ( 1 ) . s t e p - 1 @ w h e e l _ u r d f             ?   
2025-07-21 09:33:42,310 INFO  CommonSwOperations.cs: 254 - Successfully loaded component C:\Users\gdut0\Desktop\WheelFutura\ÈýÎ¬Ä£ÐÍ\wheel_futura\Change_Over_Board(1).step.SLDPRT
2025-07-21 09:33:42,310 INFO  CommonSwOperations.cs: 245 - Loading component with PID hB     ???8 x m 6 x 1 6 ^XSb??N- 1 @ w h e e l _ u r d f               
2025-07-21 09:33:42,310 INFO  CommonSwOperations.cs: 254 - Successfully loaded component C:\Users\gdut0\Desktop\WheelFutura\ÈýÎ¬Ä£ÐÍ\wheel_futura\8xm6x16Èû´òÂÝË¿.SLDPRT
2025-07-21 09:33:42,311 INFO  CommonSwOperations.cs: 245 - Loading component with PID hB     ???F 6 2 8 Z Z - 3 @ w h e e l _ u r d f             ?  
2025-07-21 09:33:42,311 INFO  CommonSwOperations.cs: 254 - Successfully loaded component C:\Users\gdut0\Desktop\WheelFutura\ÈýÎ¬Ä£ÐÍ\wheel_futura\F628ZZ.SLDPRT
2025-07-21 09:33:42,311 INFO  CommonSwOperations.cs: 245 - Loading component with PID hB     ?????^?teWW- 2 @ w h e e l _ u r d f             k  
2025-07-21 09:33:42,311 INFO  CommonSwOperations.cs: 254 - Successfully loaded component C:\Users\gdut0\Desktop\WheelFutura\ÈýÎ¬Ä£ÐÍ\wheel_futura\³¤¶Èµ÷Õû¿é.SLDPRT
2025-07-21 09:33:42,311 INFO  CommonSwOperations.cs: 245 - Loading component with PID hB     ?????^?teWW- 1 @ w h e e l _ u r d f             f  
2025-07-21 09:33:42,312 INFO  CommonSwOperations.cs: 254 - Successfully loaded component C:\Users\gdut0\Desktop\WheelFutura\ÈýÎ¬Ä£ÐÍ\wheel_futura\³¤¶Èµ÷Õû¿é.SLDPRT
2025-07-21 09:33:42,312 INFO  CommonSwOperations.cs: 245 - Loading component with PID hB     ????V?[?^2 - 1 @ w h e e l _ u r d f             ?   
2025-07-21 09:33:42,312 INFO  CommonSwOperations.cs: 254 - Successfully loaded component C:\Users\gdut0\Desktop\WheelFutura\ÈýÎ¬Ä£ÐÍ\wheel_futura\¹Ì¶¨×ù2.SLDPRT
2025-07-21 09:33:42,312 INFO  CommonSwOperations.cs: 245 - Loading component with PID hB     ????m'}WY- 1 @ w h e e l _ u r d f             3   
2025-07-21 09:33:42,312 INFO  CommonSwOperations.cs: 254 - Successfully loaded component C:\Users\gdut0\Desktop\WheelFutura\ÈýÎ¬Ä£ÐÍ\wheel_futura\ÕÇ½ôÌ×.SLDPRT
2025-07-21 09:33:42,312 INFO  CommonSwOperations.cs: 230 - Loaded 8 components for link link1
2025-07-21 09:33:42,313 INFO  CommonSwOperations.cs: 221 - Loading SolidWorks components for link2 from C:\Users\gdut0\Desktop\WheelFutura\ÈýÎ¬Ä£ÐÍ\wheel_futura\wheel_urdf.SLDASM
2025-07-21 09:33:42,313 INFO  CommonSwOperations.cs: 245 - Loading component with PID hB     ???'1 1   xhV  I P 5 4 - B R T 5 0 - 8 m m t?. s t p - 1 @ w h e e l _ u r d f             -   
2025-07-21 09:33:42,313 INFO  CommonSwOperations.cs: 254 - Successfully loaded component C:\Users\gdut0\AppData\Local\Temp\swx21088\IC~~\11 ±àÂëÆ÷ IP54-BRT50-8mmÖá.stp.SLDPRT
2025-07-21 09:33:42,313 INFO  CommonSwOperations.cs: 245 - Loading component with PID hB     ???xx- 1 @ w h e e l _ u r d f             h   
2025-07-21 09:33:42,313 INFO  CommonSwOperations.cs: 254 - Successfully loaded component C:\Users\gdut0\Desktop\WheelFutura\ÈýÎ¬Ä£ÐÍ\wheel_futura\íÀÂë.SLDPRT
2025-07-21 09:33:42,314 INFO  CommonSwOperations.cs: 245 - Loading component with PID hB     ???M???WW?V?[- 1 @ w h e e l _ u r d f             p   
2025-07-21 09:33:42,314 INFO  CommonSwOperations.cs: 254 - Successfully loaded component C:\Users\gdut0\Desktop\WheelFutura\ÈýÎ¬Ä£ÐÍ\wheel_futura\ÅäÖØ¿é¹Ì¶¨.SLDPRT
2025-07-21 09:33:42,314 INFO  CommonSwOperations.cs: 245 - Loading component with PID hB     ???p??~- 1 @ w h e e l _ u r d f             a   
2025-07-21 09:33:42,314 INFO  CommonSwOperations.cs: 254 - Successfully loaded component C:\Users\gdut0\Desktop\WheelFutura\ÈýÎ¬Ä£ÐÍ\wheel_futura\×ßÏß.SLDPRT
2025-07-21 09:33:42,314 INFO  CommonSwOperations.cs: 245 - Loading component with PID hB     ???I M U - 1 @ w h e e l _ u r d f             t   
2025-07-21 09:33:42,315 INFO  CommonSwOperations.cs: 254 - Successfully loaded component C:\Users\gdut0\Desktop\WheelFutura\ÈýÎ¬Ä£ÐÍ\wheel_futura\IMU.SLDPRT
2025-07-21 09:33:42,315 INFO  CommonSwOperations.cs: 245 - Loading component with PID hB     ???0r o b o t m a s t e r A ?Wg- 1 @ w h e e l _ u r d f / 5u??g- 1 @ r o b o t m a s t e r A ?Wg            #      
2025-07-21 09:33:42,315 INFO  CommonSwOperations.cs: 254 - Successfully loaded component C:\Users\gdut0\Desktop\WheelFutura\ÈýÎ¬Ä£ÐÍ\wheel_futura\robotmasterA\µçÂ·°å.sldprt
2025-07-21 09:33:42,315 INFO  CommonSwOperations.cs: 245 - Loading component with PID hB     ???M F 6 0 1 0 - 3 D . s t e p - 1 @ w h e e l _ u r d f                
2025-07-21 09:33:42,315 INFO  CommonSwOperations.cs: 254 - Successfully loaded component C:\Users\gdut0\AppData\Local\Temp\swx21088\IC~~\MF6010-3D.step.SLDPRT
2025-07-21 09:33:42,315 INFO  CommonSwOperations.cs: 245 - Loading component with PID hB     ???1 0 ?^?V?[???c- 1 @ w h e e l _ u r d f             <  
2025-07-21 09:33:42,317 INFO  CommonSwOperations.cs: 254 - Successfully loaded component C:\Users\gdut0\Desktop\WheelFutura\ÈýÎ¬Ä£ÐÍ\wheel_futura\10¶È¹Ì¶¨Á¬½Ó.SLDPRT
2025-07-21 09:33:42,317 INFO  CommonSwOperations.cs: 245 - Loading component with PID hB     ???P a n e 1 - 1 @ w h e e l _ u r d f                
2025-07-21 09:33:42,317 INFO  CommonSwOperations.cs: 254 - Successfully loaded component C:\Users\gdut0\Desktop\WheelFutura\ÈýÎ¬Ä£ÐÍ\wheel_futura\Pane1.SLDPRT
2025-07-21 09:33:42,317 INFO  CommonSwOperations.cs: 245 - Loading component with PID hB     ???4r o b o t m a s t e r A ?Wg- 1 @ w h e e l _ u r d f / S w i t h c 2 - 1 @ r o b o t m a s t e r A ?Wg            #   <   
2025-07-21 09:33:42,317 INFO  CommonSwOperations.cs: 254 - Successfully loaded component C:\Users\gdut0\Desktop\WheelFutura\ÈýÎ¬Ä£ÐÍ\wheel_futura\robotmasterA\Swithc2.sldprt
2025-07-21 09:33:42,318 INFO  CommonSwOperations.cs: 245 - Loading component with PID hB     ???4r o b o t m a s t e r A ?Wg- 1 @ w h e e l _ u r d f / S w i t h c 4 - 1 @ r o b o t m a s t e r A ?Wg            #   ;   
2025-07-21 09:33:42,318 INFO  CommonSwOperations.cs: 254 - Successfully loaded component C:\Users\gdut0\Desktop\WheelFutura\ÈýÎ¬Ä£ÐÍ\wheel_futura\robotmasterA\Swithc4.sldprt
2025-07-21 09:33:42,318 INFO  CommonSwOperations.cs: 245 - Loading component with PID hB     ???0r o b o t m a s t e r A ?Wg- 1 @ w h e e l _ u r d f / CQ?N3 - 1 @ r o b o t m a s t e r A ?Wg            #   9   
2025-07-21 09:33:42,318 INFO  CommonSwOperations.cs: 254 - Successfully loaded component C:\Users\gdut0\Desktop\WheelFutura\ÈýÎ¬Ä£ÐÍ\wheel_futura\robotmasterA\Ôª¼þ3.sldprt
2025-07-21 09:33:42,319 INFO  CommonSwOperations.cs: 245 - Loading component with PID hB     ???5r o b o t m a s t e r A ?Wg- 1 @ w h e e l _ u r d f / 1 x 3 p i n - w - 1 @ r o b o t m a s t e r A ?Wg            #   7   
2025-07-21 09:33:42,319 INFO  CommonSwOperations.cs: 254 - Successfully loaded component C:\Users\gdut0\Desktop\WheelFutura\ÈýÎ¬Ä£ÐÍ\wheel_futura\robotmasterA\1x3pin-w.sldprt
2025-07-21 09:33:42,319 INFO  CommonSwOperations.cs: 245 - Loading component with PID hB     ???:r o b o t m a s t e r A ?Wg- 1 @ w h e e l _ u r d f / 2 P i n   -   1 . 2 5 m m - 1 @ r o b o t m a s t e r A ?Wg            #   6   
2025-07-21 09:33:42,319 INFO  CommonSwOperations.cs: 254 - Successfully loaded component C:\Users\gdut0\Desktop\WheelFutura\ÈýÎ¬Ä£ÐÍ\wheel_futura\robotmasterA\2Pin - 1.25mm.sldprt
2025-07-21 09:33:42,319 INFO  CommonSwOperations.cs: 245 - Loading component with PID hB     ???1r o b o t m a s t e r A ?Wg- 1 @ w h e e l _ u r d f / c a n 2 - 7 @ r o b o t m a s t e r A ?Wg            #   2   
2025-07-21 09:33:42,319 INFO  CommonSwOperations.cs: 254 - Successfully loaded component C:\Users\gdut0\Desktop\WheelFutura\ÈýÎ¬Ä£ÐÍ\wheel_futura\robotmasterA\can2.sldprt
2025-07-21 09:33:42,320 INFO  CommonSwOperations.cs: 245 - Loading component with PID hB     ???1r o b o t m a s t e r A ?Wg- 1 @ w h e e l _ u r d f / c a n 2 - 6 @ r o b o t m a s t e r A ?Wg            #   1   
2025-07-21 09:33:42,320 INFO  CommonSwOperations.cs: 254 - Successfully loaded component C:\Users\gdut0\Desktop\WheelFutura\ÈýÎ¬Ä£ÐÍ\wheel_futura\robotmasterA\can2.sldprt
2025-07-21 09:33:42,320 INFO  CommonSwOperations.cs: 245 - Loading component with PID hB     ???1r o b o t m a s t e r A ?Wg- 1 @ w h e e l _ u r d f / c a n 2 - 3 @ r o b o t m a s t e r A ?Wg            #   .   
2025-07-21 09:33:42,320 INFO  CommonSwOperations.cs: 254 - Successfully loaded component C:\Users\gdut0\Desktop\WheelFutura\ÈýÎ¬Ä£ÐÍ\wheel_futura\robotmasterA\can2.sldprt
2025-07-21 09:33:42,321 INFO  CommonSwOperations.cs: 245 - Loading component with PID hB     ???1r o b o t m a s t e r A ?Wg- 1 @ w h e e l _ u r d f / c a n 2 - 4 @ r o b o t m a s t e r A ?Wg            #   /   
2025-07-21 09:33:42,321 INFO  CommonSwOperations.cs: 254 - Successfully loaded component C:\Users\gdut0\Desktop\WheelFutura\ÈýÎ¬Ä£ÐÍ\wheel_futura\robotmasterA\can2.sldprt
2025-07-21 09:33:42,321 INFO  CommonSwOperations.cs: 245 - Loading component with PID hB     ???1r o b o t m a s t e r A ?Wg- 1 @ w h e e l _ u r d f / c a n 2 - 2 @ r o b o t m a s t e r A ?Wg            #   -   
2025-07-21 09:33:42,321 INFO  CommonSwOperations.cs: 254 - Successfully loaded component C:\Users\gdut0\Desktop\WheelFutura\ÈýÎ¬Ä£ÐÍ\wheel_futura\robotmasterA\can2.sldprt
2025-07-21 09:33:42,321 INFO  CommonSwOperations.cs: 245 - Loading component with PID hB     ???1r o b o t m a s t e r A ?Wg- 1 @ w h e e l _ u r d f / c a n 2 - 5 @ r o b o t m a s t e r A ?Wg            #   0   
2025-07-21 09:33:42,322 INFO  CommonSwOperations.cs: 254 - Successfully loaded component C:\Users\gdut0\Desktop\WheelFutura\ÈýÎ¬Ä£ÐÍ\wheel_futura\robotmasterA\can2.sldprt
2025-07-21 09:33:42,322 INFO  CommonSwOperations.cs: 245 - Loading component with PID hB     ???6r o b o t m a s t e r A ?Wg- 1 @ w h e e l _ u r d f / S T M 3 2 F 4 2 7 - 1 @ r o b o t m a s t e r A ?Wg            #   :   
2025-07-21 09:33:42,322 INFO  CommonSwOperations.cs: 254 - Successfully loaded component C:\Users\gdut0\Desktop\WheelFutura\ÈýÎ¬Ä£ÐÍ\wheel_futura\robotmasterA\STM32F427.sldprt
2025-07-21 09:33:42,322 INFO  CommonSwOperations.cs: 245 - Loading component with PID hB     ???Cr o b o t m a s t e r A ?Wg- 1 @ w h e e l _ u r d f / D S 1 0 4 0 - 0 3   ( D I P _ s w i t c h ) - 1 @ r o b o t m a s t e r A ?Wg            #   8   
2025-07-21 09:33:42,322 INFO  CommonSwOperations.cs: 254 - Successfully loaded component C:\Users\gdut0\Desktop\WheelFutura\ÈýÎ¬Ä£ÐÍ\wheel_futura\robotmasterA\DS1040-03 (DIP_switch).sldprt
2025-07-21 09:33:42,323 INFO  CommonSwOperations.cs: 245 - Loading component with PID hB     ???1r o b o t m a s t e r A ?Wg- 1 @ w h e e l _ u r d f / O L E D - 1 @ r o b o t m a s t e r A ?Wg            #   4   
2025-07-21 09:33:42,323 INFO  CommonSwOperations.cs: 254 - Successfully loaded component C:\Users\gdut0\Desktop\WheelFutura\ÈýÎ¬Ä£ÐÍ\wheel_futura\robotmasterA\OLED.sldprt
2025-07-21 09:33:42,323 INFO  CommonSwOperations.cs: 245 - Loading component with PID hB     ???1r o b o t m a s t e r A ?Wg- 1 @ w h e e l _ u r d f / c a n 2 - 8 @ r o b o t m a s t e r A ?Wg            #   3   
2025-07-21 09:33:42,323 INFO  CommonSwOperations.cs: 254 - Successfully loaded component C:\Users\gdut0\Desktop\WheelFutura\ÈýÎ¬Ä£ÐÍ\wheel_futura\robotmasterA\can2.sldprt
2025-07-21 09:33:42,323 INFO  CommonSwOperations.cs: 245 - Loading component with PID hB     ???1r o b o t m a s t e r A ?Wg- 1 @ w h e e l _ u r d f / c a n 1 - 5 @ r o b o t m a s t e r A ?Wg            #   )   
2025-07-21 09:33:42,324 INFO  CommonSwOperations.cs: 254 - Successfully loaded component C:\Users\gdut0\Desktop\WheelFutura\ÈýÎ¬Ä£ÐÍ\wheel_futura\robotmasterA\can1.sldprt
2025-07-21 09:33:42,324 INFO  CommonSwOperations.cs: 245 - Loading component with PID hB     ???1r o b o t m a s t e r A ?Wg- 1 @ w h e e l _ u r d f / c a n 1 - 4 @ r o b o t m a s t e r A ?Wg            #   (   
2025-07-21 09:33:42,324 INFO  CommonSwOperations.cs: 254 - Successfully loaded component C:\Users\gdut0\Desktop\WheelFutura\ÈýÎ¬Ä£ÐÍ\wheel_futura\robotmasterA\can1.sldprt
2025-07-21 09:33:42,324 INFO  CommonSwOperations.cs: 245 - Loading component with PID hB     ???:r o b o t m a s t e r A ?Wg- 1 @ w h e e l _ u r d f / A m a s s _ X T 3 0 U - F - 7 @ r o b o t m a s t e r A ?Wg            #   $   
2025-07-21 09:33:42,324 INFO  CommonSwOperations.cs: 254 - Successfully loaded component C:\Users\gdut0\Desktop\WheelFutura\ÈýÎ¬Ä£ÐÍ\wheel_futura\robotmasterA\Amass_XT30U-F.sldprt
2025-07-21 09:33:42,324 INFO  CommonSwOperations.cs: 245 - Loading component with PID hB     ???:r o b o t m a s t e r A ?Wg- 1 @ w h e e l _ u r d f / A m a s s _ X T 3 0 U - F - 3 @ r o b o t m a s t e r A ?Wg            #       
2025-07-21 09:33:42,325 INFO  CommonSwOperations.cs: 254 - Successfully loaded component C:\Users\gdut0\Desktop\WheelFutura\ÈýÎ¬Ä£ÐÍ\wheel_futura\robotmasterA\Amass_XT30U-F.sldprt
2025-07-21 09:33:42,325 INFO  CommonSwOperations.cs: 245 - Loading component with PID hB     ???1r o b o t m a s t e r A ?Wg- 1 @ w h e e l _ u r d f / c a n 1 - 1 @ r o b o t m a s t e r A ?Wg            #   %   
2025-07-21 09:33:42,325 INFO  CommonSwOperations.cs: 254 - Successfully loaded component C:\Users\gdut0\Desktop\WheelFutura\ÈýÎ¬Ä£ÐÍ\wheel_futura\robotmasterA\can1.sldprt
2025-07-21 09:33:42,325 INFO  CommonSwOperations.cs: 245 - Loading component with PID hB     ???:r o b o t m a s t e r A ?Wg- 1 @ w h e e l _ u r d f / A m a s s _ X T 3 0 U - F - 4 @ r o b o t m a s t e r A ?Wg            #   !   
2025-07-21 09:33:42,326 INFO  CommonSwOperations.cs: 254 - Successfully loaded component C:\Users\gdut0\Desktop\WheelFutura\ÈýÎ¬Ä£ÐÍ\wheel_futura\robotmasterA\Amass_XT30U-F.sldprt
2025-07-21 09:33:42,326 INFO  CommonSwOperations.cs: 245 - Loading component with PID hB     ???:r o b o t m a s t e r A ?Wg- 1 @ w h e e l _ u r d f / A m a s s _ X T 3 0 U - F - 2 @ r o b o t m a s t e r A ?Wg            #      
2025-07-21 09:33:42,326 INFO  CommonSwOperations.cs: 254 - Successfully loaded component C:\Users\gdut0\Desktop\WheelFutura\ÈýÎ¬Ä£ÐÍ\wheel_futura\robotmasterA\Amass_XT30U-F.sldprt
2025-07-21 09:33:42,326 INFO  CommonSwOperations.cs: 245 - Loading component with PID hB     ???:r o b o t m a s t e r A ?Wg- 1 @ w h e e l _ u r d f / A m a s s _ X T 3 0 U - F - 6 @ r o b o t m a s t e r A ?Wg            #   #   
2025-07-21 09:33:42,327 INFO  CommonSwOperations.cs: 254 - Successfully loaded component C:\Users\gdut0\Desktop\WheelFutura\ÈýÎ¬Ä£ÐÍ\wheel_futura\robotmasterA\Amass_XT30U-F.sldprt
2025-07-21 09:33:42,327 INFO  CommonSwOperations.cs: 245 - Loading component with PID hB     ???1r o b o t m a s t e r A ?Wg- 1 @ w h e e l _ u r d f / c a n 2 - 1 @ r o b o t m a s t e r A ?Wg            #   ,   
2025-07-21 09:33:42,327 INFO  CommonSwOperations.cs: 254 - Successfully loaded component C:\Users\gdut0\Desktop\WheelFutura\ÈýÎ¬Ä£ÐÍ\wheel_futura\robotmasterA\can2.sldprt
2025-07-21 09:33:42,327 INFO  CommonSwOperations.cs: 245 - Loading component with PID hB     ???1r o b o t m a s t e r A ?Wg- 1 @ w h e e l _ u r d f / c a n 1 - 6 @ r o b o t m a s t e r A ?Wg            #   *   
2025-07-21 09:33:42,327 INFO  CommonSwOperations.cs: 254 - Successfully loaded component C:\Users\gdut0\Desktop\WheelFutura\ÈýÎ¬Ä£ÐÍ\wheel_futura\robotmasterA\can1.sldprt
2025-07-21 09:33:42,327 INFO  CommonSwOperations.cs: 245 - Loading component with PID hB     ???;r o b o t m a s t e r A ?Wg- 1 @ w h e e l _ u r d f / A m a s s _ X T 3 0 P W - M - 1 @ r o b o t m a s t e r A ?Wg            #      
2025-07-21 09:33:42,327 INFO  CommonSwOperations.cs: 254 - Successfully loaded component C:\Users\gdut0\Desktop\WheelFutura\ÈýÎ¬Ä£ÐÍ\wheel_futura\robotmasterA\Amass_XT30PW-M.sldprt
2025-07-21 09:33:42,329 INFO  CommonSwOperations.cs: 245 - Loading component with PID hB     ???1r o b o t m a s t e r A ?Wg- 1 @ w h e e l _ u r d f / c a n 1 - 7 @ r o b o t m a s t e r A ?Wg            #   +   
2025-07-21 09:33:42,329 INFO  CommonSwOperations.cs: 254 - Successfully loaded component C:\Users\gdut0\Desktop\WheelFutura\ÈýÎ¬Ä£ÐÍ\wheel_futura\robotmasterA\can1.sldprt
2025-07-21 09:33:42,329 INFO  CommonSwOperations.cs: 245 - Loading component with PID hB     ???1r o b o t m a s t e r A ?Wg- 1 @ w h e e l _ u r d f / c a n 1 - 2 @ r o b o t m a s t e r A ?Wg            #   &   
2025-07-21 09:33:42,329 INFO  CommonSwOperations.cs: 254 - Successfully loaded component C:\Users\gdut0\Desktop\WheelFutura\ÈýÎ¬Ä£ÐÍ\wheel_futura\robotmasterA\can1.sldprt
2025-07-21 09:33:42,329 INFO  CommonSwOperations.cs: 245 - Loading component with PID hB     ???1r o b o t m a s t e r A ?Wg- 1 @ w h e e l _ u r d f / c a n 1 - 3 @ r o b o t m a s t e r A ?Wg            #   '   
2025-07-21 09:33:42,330 INFO  CommonSwOperations.cs: 254 - Successfully loaded component C:\Users\gdut0\Desktop\WheelFutura\ÈýÎ¬Ä£ÐÍ\wheel_futura\robotmasterA\can1.sldprt
2025-07-21 09:33:42,330 INFO  CommonSwOperations.cs: 245 - Loading component with PID hB     ???:r o b o t m a s t e r A ?Wg- 1 @ w h e e l _ u r d f / A m a s s _ X T 3 0 U - F - 5 @ r o b o t m a s t e r A ?Wg            #   "   
2025-07-21 09:33:42,330 INFO  CommonSwOperations.cs: 254 - Successfully loaded component C:\Users\gdut0\Desktop\WheelFutura\ÈýÎ¬Ä£ÐÍ\wheel_futura\robotmasterA\Amass_XT30U-F.sldprt
2025-07-21 09:33:42,330 INFO  CommonSwOperations.cs: 245 - Loading component with PID hB     ???0r o b o t m a s t e r A ?Wg- 1 @ w h e e l _ u r d f / CQ?N2 - 1 @ r o b o t m a s t e r A ?Wg            #      
2025-07-21 09:33:42,330 INFO  CommonSwOperations.cs: 254 - Successfully loaded component C:\Users\gdut0\Desktop\WheelFutura\ÈýÎ¬Ä£ÐÍ\wheel_futura\robotmasterA\Ôª¼þ2.sldprt
2025-07-21 09:33:42,330 INFO  CommonSwOperations.cs: 245 - Loading component with PID hB     ???0r o b o t m a s t e r A ?Wg- 1 @ w h e e l _ u r d f / 3 x 8 - 1 @ r o b o t m a s t e r A ?Wg            #      
2025-07-21 09:33:42,330 INFO  CommonSwOperations.cs: 254 - Successfully loaded component C:\Users\gdut0\Desktop\WheelFutura\ÈýÎ¬Ä£ÐÍ\wheel_futura\robotmasterA\3x8.sldprt
2025-07-21 09:33:42,331 INFO  CommonSwOperations.cs: 245 - Loading component with PID hB     ???3r o b o t m a s t e r A ?Wg- 1 @ w h e e l _ u r d f / 1 x 3 p i n - 1 @ r o b o t m a s t e r A ?Wg            #      
2025-07-21 09:33:42,331 INFO  CommonSwOperations.cs: 254 - Successfully loaded component C:\Users\gdut0\Desktop\WheelFutura\ÈýÎ¬Ä£ÐÍ\wheel_futura\robotmasterA\1x3pin.sldprt
2025-07-21 09:33:42,331 INFO  CommonSwOperations.cs: 245 - Loading component with PID hB     ???0r o b o t m a s t e r A ?Wg- 1 @ w h e e l _ u r d f / CQ?N1 - 1 @ r o b o t m a s t e r A ?Wg            #      
2025-07-21 09:33:42,331 INFO  CommonSwOperations.cs: 254 - Successfully loaded component C:\Users\gdut0\Desktop\WheelFutura\ÈýÎ¬Ä£ÐÍ\wheel_futura\robotmasterA\Ôª¼þ1.sldprt
2025-07-21 09:33:42,331 INFO  CommonSwOperations.cs: 245 - Loading component with PID hB     ???4r o b o t m a s t e r A ?Wg- 1 @ w h e e l _ u r d f / 2 x 1 0 p i n - 1 @ r o b o t m a s t e r A ?Wg            #      
2025-07-21 09:33:42,332 INFO  CommonSwOperations.cs: 254 - Successfully loaded component C:\Users\gdut0\Desktop\WheelFutura\ÈýÎ¬Ä£ÐÍ\wheel_futura\robotmasterA\2x10pin.sldprt
2025-07-21 09:33:42,332 INFO  CommonSwOperations.cs: 245 - Loading component with PID hB     ???6r o b o t m a s t e r A ?Wg- 1 @ w h e e l _ u r d f / m i c r o   U S B - 1 @ r o b o t m a s t e r A ?Wg            #      
2025-07-21 09:33:42,332 INFO  CommonSwOperations.cs: 254 - Successfully loaded component C:\Users\gdut0\Desktop\WheelFutura\ÈýÎ¬Ä£ÐÍ\wheel_futura\robotmasterA\micro USB.sldprt
2025-07-21 09:33:42,333 INFO  CommonSwOperations.cs: 245 - Loading component with PID hB     ???3r o b o t m a s t e r A ?Wg- 1 @ w h e e l _ u r d f / 1 x 3 p i n - 4 @ r o b o t m a s t e r A ?Wg            #      
2025-07-21 09:33:42,333 INFO  CommonSwOperations.cs: 254 - Successfully loaded component C:\Users\gdut0\Desktop\WheelFutura\ÈýÎ¬Ä£ÐÍ\wheel_futura\robotmasterA\1x3pin.sldprt
2025-07-21 09:33:42,333 INFO  CommonSwOperations.cs: 245 - Loading component with PID hB     ???3r o b o t m a s t e r A ?Wg- 1 @ w h e e l _ u r d f / 1 x 3 p i n - 2 @ r o b o t m a s t e r A ?Wg            #      
2025-07-21 09:33:42,333 INFO  CommonSwOperations.cs: 254 - Successfully loaded component C:\Users\gdut0\Desktop\WheelFutura\ÈýÎ¬Ä£ÐÍ\wheel_futura\robotmasterA\1x3pin.sldprt
2025-07-21 09:33:42,333 INFO  CommonSwOperations.cs: 245 - Loading component with PID hB     ???:r o b o t m a s t e r A ?Wg- 1 @ w h e e l _ u r d f / A m a s s _ X T 3 0 U - F - 1 @ r o b o t m a s t e r A ?Wg            #      
2025-07-21 09:33:42,334 INFO  CommonSwOperations.cs: 254 - Successfully loaded component C:\Users\gdut0\Desktop\WheelFutura\ÈýÎ¬Ä£ÐÍ\wheel_futura\robotmasterA\Amass_XT30U-F.sldprt
2025-07-21 09:33:42,334 INFO  CommonSwOperations.cs: 245 - Loading component with PID hB     ???0r o b o t m a s t e r A ?Wg- 1 @ w h e e l _ u r d f / 3 x 8 - 2 @ r o b o t m a s t e r A ?Wg            #      
2025-07-21 09:33:42,334 INFO  CommonSwOperations.cs: 254 - Successfully loaded component C:\Users\gdut0\Desktop\WheelFutura\ÈýÎ¬Ä£ÐÍ\wheel_futura\robotmasterA\3x8.sldprt
2025-07-21 09:33:42,334 INFO  CommonSwOperations.cs: 245 - Loading component with PID hB     ???3r o b o t m a s t e r A ?Wg- 1 @ w h e e l _ u r d f / 1 x 3 p i n - 3 @ r o b o t m a s t e r A ?Wg            #      
2025-07-21 09:33:42,334 INFO  CommonSwOperations.cs: 254 - Successfully loaded component C:\Users\gdut0\Desktop\WheelFutura\ÈýÎ¬Ä£ÐÍ\wheel_futura\robotmasterA\1x3pin.sldprt
2025-07-21 09:33:42,334 INFO  CommonSwOperations.cs: 245 - Loading component with PID hB     ???4r o b o t m a s t e r A ?Wg- 1 @ w h e e l _ u r d f / m i c r o s d - 1 @ r o b o t m a s t e r A ?Wg            #      
2025-07-21 09:33:42,335 INFO  CommonSwOperations.cs: 254 - Successfully loaded component C:\Users\gdut0\Desktop\WheelFutura\ÈýÎ¬Ä£ÐÍ\wheel_futura\robotmasterA\microsd.sldprt
2025-07-21 09:33:42,335 INFO  CommonSwOperations.cs: 245 - Loading component with PID hB     ???5u`l- 1 @ w h e e l _ u r d f             9   
2025-07-21 09:33:42,335 INFO  CommonSwOperations.cs: 254 - Successfully loaded component C:\Users\gdut0\Desktop\WheelFutura\ÈýÎ¬Ä£ÐÍ\wheel_futura\µç³Ø.SLDPRT
2025-07-21 09:33:42,336 INFO  CommonSwOperations.cs: 245 - Loading component with PID hB     ???5u`l?V?[?g1 - 1 @ w h e e l _ u r d f             @   
2025-07-21 09:33:42,336 INFO  CommonSwOperations.cs: 254 - Successfully loaded component C:\Users\gdut0\Desktop\WheelFutura\ÈýÎ¬Ä£ÐÍ\wheel_futura\µç³Ø¹Ì¶¨¼Ü1.SLDPRT
2025-07-21 09:33:42,336 INFO  CommonSwOperations.cs: 230 - Loaded 53 components for link link2
2025-07-21 09:33:42,336 INFO  CommonSwOperations.cs: 221 - Loading SolidWorks components for wheel_link from C:\Users\gdut0\Desktop\WheelFutura\ÈýÎ¬Ä£ÐÍ\wheel_futura\wheel_urdf.SLDASM
2025-07-21 09:33:42,336 INFO  CommonSwOperations.cs: 245 - Loading component with PID hB     ???I n i t i a W h e e l 2 - 1 @ w h e e l _ u r d f             S   
2025-07-21 09:33:42,337 INFO  CommonSwOperations.cs: 254 - Successfully loaded component C:\Users\gdut0\Desktop\WheelFutura\ÈýÎ¬Ä£ÐÍ\wheel_futura\InitiaWheel2.SLDPRT
2025-07-21 09:33:42,337 INFO  CommonSwOperations.cs: 230 - Loaded 1 components for link wheel_link
2025-07-21 09:33:42,366 INFO  SwAddin.cs: 344 - Showing property manager
2025-07-21 09:34:04,946 INFO  ExportPropertyManager.cs: 422 - Configuration saved
2025-07-21 09:34:04,989 INFO  ConfigurationSerialization.cs: 276 - URDF Configuration found
<Link z:Id="i1" xmlns="http://schemas.datacontract.org/2004/07/SW2URDF" xmlns:i="http://www.w3.org/2001/XMLSchema-instance" xmlns:z="http://schemas.microsoft.com/2003/10/Serialization/"><Attributes><Attribute z:Id="i2"><AttributeType>name</AttributeType><IsRequired>true</IsRequired><Value i:type="a:string" xmlns:a="http://www.w3.org/2001/XMLSchema">base_link</Value></Attribute></Attributes><ChildElements><URDFElement z:Id="i3" i:type="Inertial"><Attributes/><ChildElements><URDFElement z:Id="i4" i:type="Origin"><Attributes><Attribute z:Id="i5"><AttributeType>xyz</AttributeType><IsRequired>true</IsRequired><Value i:type="a:ArrayOfdouble" xmlns:a="http://schemas.microsoft.com/2003/10/Serialization/Arrays"><a:double>-3.8995E-05</a:double><a:double>-3.8995E-05</a:double><a:double>0.085394</a:double></Value></Attribute><Attribute z:Id="i6"><AttributeType>rpy</AttributeType><IsRequired>true</IsRequired><Value i:type="a:ArrayOfdouble" xmlns:a="http://schemas.microsoft.com/2003/10/Serialization/Arrays"><a:double>0</a:double><a:double>0</a:double><a:double>0</a:double></Value></Attribute></Attributes><ChildElements/><ElementName>origin</ElementName><required>false</required><RPYAttribute z:Ref="i6"/><XYZAttribute z:Ref="i5"/><isCustomized>false</isCustomized></URDFElement><URDFElement z:Id="i7" i:type="Mass"><Attributes><Attribute z:Id="i8"><AttributeType>value</AttributeType><IsRequired>true</IsRequired><Value i:type="a:double" xmlns:a="http://www.w3.org/2001/XMLSchema">0.25668</Value></Attribute></Attributes><ChildElements/><ElementName>mass</ElementName><required>false</required><ValueAttribute z:Ref="i8"/></URDFElement><URDFElement z:Id="i9" i:type="Inertia"><Attributes><Attribute z:Id="i10"><AttributeType>ixx</AttributeType><IsRequired>true</IsRequired><Value i:type="a:double" xmlns:a="http://www.w3.org/2001/XMLSchema">0.0010715</Value></Attribute><Attribute z:Id="i11"><AttributeType>ixy</AttributeType><IsRequired>true</IsRequired><Value i:type="a:double" xmlns:a="http://www.w3.org/2001/XMLSchema">-2.2059E-13</Value></Attribute><Attribute z:Id="i12"><AttributeType>ixz</AttributeType><IsRequired>true</IsRequired><Value i:type="a:double" xmlns:a="http://www.w3.org/2001/XMLSchema">-7.2465E-13</Value></Attribute><Attribute z:Id="i13"><AttributeType>iyy</AttributeType><IsRequired>true</IsRequired><Value i:type="a:double" xmlns:a="http://www.w3.org/2001/XMLSchema">0.0010951</Value></Attribute><Attribute z:Id="i14"><AttributeType>iyz</AttributeType><IsRequired>true</IsRequired><Value i:type="a:double" xmlns:a="http://www.w3.org/2001/XMLSchema">1.8044E-13</Value></Attribute><Attribute z:Id="i15"><AttributeType>izz</AttributeType><IsRequired>true</IsRequired><Value i:type="a:double" xmlns:a="http://www.w3.org/2001/XMLSchema">0.00014309</Value></Attribute></Attributes><ChildElements/><ElementName>inertia</ElementName><required>false</required><IxxAttribute z:Ref="i10"/><IxyAttribute z:Ref="i11"/><IxzAttribute z:Ref="i12"/><IyyAttribute z:Ref="i13"/><IyzAttribute z:Ref="i14"/><IzzAttribute z:Ref="i15"/></URDFElement></ChildElements><ElementName>inertial</ElementName><required>false</required><Inertia z:Ref="i9"/><Mass z:Ref="i7"/><Origin z:Ref="i4"/></URDFElement><URDFElement z:Id="i16" i:type="Visual"><Attributes/><ChildElements><URDFElement z:Id="i17" i:type="Origin"><Attributes><Attribute z:Id="i18"><AttributeType>xyz</AttributeType><IsRequired>true</IsRequired><Value i:type="a:ArrayOfdouble" xmlns:a="http://schemas.microsoft.com/2003/10/Serialization/Arrays"><a:double>0</a:double><a:double>0</a:double><a:double>0</a:double></Value></Attribute><Attribute z:Id="i19"><AttributeType>rpy</AttributeType><IsRequired>true</IsRequired><Value i:type="a:ArrayOfdouble" xmlns:a="http://schemas.microsoft.com/2003/10/Serialization/Arrays"><a:double>0</a:double><a:double>0</a:double><a:double>0</a:double></Value></Attribute></Attributes><ChildElements/><ElementName>origin</ElementName><required>false</required><RPYAttribute z:Ref="i19"/><XYZAttribute z:Ref="i18"/><isCustomized>false</isCustomized></URDFElement><URDFElement z:Id="i20" i:type="Geometry"><Attributes/><ChildElements><URDFElement z:Id="i21" i:type="Mesh"><Attributes><Attribute z:Id="i22"><AttributeType>filename</AttributeType><IsRequired>true</IsRequired><Value i:nil="true"/></Attribute></Attributes><ChildElements/><ElementName>mesh</ElementName><required>false</required><FilenameAttribute z:Ref="i22"/></URDFElement></ChildElements><ElementName>geometry</ElementName><required>true</required><Mesh z:Ref="i21"/></URDFElement><URDFElement z:Id="i23" i:type="Material"><Attributes><Attribute z:Id="i24"><AttributeType>name</AttributeType><IsRequired>true</IsRequired><Value i:type="a:string" xmlns:a="http://www.w3.org/2001/XMLSchema"/></Attribute></Attributes><ChildElements><URDFElement z:Id="i25" i:type="Color"><Attributes><Attribute z:Id="i26"><AttributeType>rgba</AttributeType><IsRequired>true</IsRequired><Value i:type="a:ArrayOfdouble" xmlns:a="http://schemas.microsoft.com/2003/10/Serialization/Arrays"><a:double>1</a:double><a:double>1</a:double><a:double>1</a:double><a:double>1</a:double></Value></Attribute></Attributes><ChildElements/><ElementName>color</ElementName><required>false</required><RGBAAttribute z:Ref="i26"/></URDFElement><URDFElement z:Id="i27" i:type="Texture"><Attributes><Attribute z:Id="i28"><AttributeType>filename</AttributeType><IsRequired>true</IsRequired><Value i:nil="true"/></Attribute></Attributes><ChildElements/><ElementName>texture</ElementName><required>false</required><FilenameAttribute z:Ref="i28"/><wFilename/></URDFElement></ChildElements><ElementName>material</ElementName><required>false</required><Color z:Ref="i25"/><NameAttribute z:Ref="i24"/><Texture z:Ref="i27"/></URDFElement></ChildElements><ElementName>visual</ElementName><required>false</required><Geometry z:Ref="i20"/><Material z:Ref="i23"/><Origin z:Ref="i17"/></URDFElement><URDFElement z:Id="i29" i:type="Collision"><Attributes/><ChildElements><URDFElement z:Id="i30" i:type="Origin"><Attributes><Attribute z:Id="i31"><AttributeType>xyz</AttributeType><IsRequired>true</IsRequired><Value i:type="a:ArrayOfdouble" xmlns:a="http://schemas.microsoft.com/2003/10/Serialization/Arrays"><a:double>0</a:double><a:double>0</a:double><a:double>0</a:double></Value></Attribute><Attribute z:Id="i32"><AttributeType>rpy</AttributeType><IsRequired>true</IsRequired><Value i:type="a:ArrayOfdouble" xmlns:a="http://schemas.microsoft.com/2003/10/Serialization/Arrays"><a:double>0</a:double><a:double>0</a:double><a:double>0</a:double></Value></Attribute></Attributes><ChildElements/><ElementName>origin</ElementName><required>false</required><RPYAttribute z:Ref="i32"/><XYZAttribute z:Ref="i31"/><isCustomized>false</isCustomized></URDFElement><URDFElement z:Id="i33" i:type="Geometry"><Attributes/><ChildElements><URDFElement z:Id="i34" i:type="Mesh"><Attributes><Attribute z:Id="i35"><AttributeType>filename</AttributeType><IsRequired>true</IsRequired><Value i:nil="true"/></Attribute></Attributes><ChildElements/><ElementName>mesh</ElementName><required>false</required><FilenameAttribute z:Ref="i35"/></URDFElement></ChildElements><ElementName>geometry</ElementName><required>true</required><Mesh z:Ref="i34"/></URDFElement></ChildElements><ElementName>collision</ElementName><required>false</required><Geometry z:Ref="i33"/><Origin z:Ref="i30"/></URDFElement><URDFElement z:Id="i36" i:type="Joint"><Attributes><Attribute z:Id="i37"><AttributeType>name</AttributeType><IsRequired>true</IsRequired><Value i:type="a:string" xmlns:a="http://www.w3.org/2001/XMLSchema"/></Attribute><Attribute z:Id="i38"><AttributeType>type</AttributeType><IsRequired>true</IsRequired><Value i:type="a:string" xmlns:a="http://www.w3.org/2001/XMLSchema"/></Attribute></Attributes><ChildElements><URDFElement z:Id="i39" i:type="Origin"><Attributes><Attribute z:Id="i40"><AttributeType>xyz</AttributeType><IsRequired>true</IsRequired><Value i:type="a:ArrayOfdouble" xmlns:a="http://schemas.microsoft.com/2003/10/Serialization/Arrays"><a:double>0</a:double><a:double>0</a:double><a:double>0</a:double></Value></Attribute><Attribute z:Id="i41"><AttributeType>rpy</AttributeType><IsRequired>true</IsRequired><Value i:type="a:ArrayOfdouble" xmlns:a="http://schemas.microsoft.com/2003/10/Serialization/Arrays"><a:double>0</a:double><a:double>0</a:double><a:double>0</a:double></Value></Attribute></Attributes><ChildElements/><ElementName>origin</ElementName><required>false</required><RPYAttribute z:Ref="i41"/><XYZAttribute z:Ref="i40"/><isCustomized>false</isCustomized></URDFElement><URDFElement z:Id="i42" i:type="ParentLink"><Attributes><Attribute z:Id="i43"><AttributeType>link</AttributeType><IsRequired>true</IsRequired><Value i:type="a:string" xmlns:a="http://www.w3.org/2001/XMLSchema"/></Attribute></Attributes><ChildElements/><ElementName>parent</ElementName><required>true</required><NameAttribute z:Ref="i43"/></URDFElement><URDFElement z:Id="i44" i:type="ChildLink"><Attributes><Attribute z:Id="i45"><AttributeType>link</AttributeType><IsRequired>true</IsRequired><Value i:type="a:string" xmlns:a="http://www.w3.org/2001/XMLSchema"/></Attribute></Attributes><ChildElements/><ElementName>child</ElementName><required>true</required><NameAttribute z:Ref="i45"/></URDFElement><URDFElement z:Id="i46" i:type="Axis"><Attributes><Attribute z:Id="i47"><AttributeType>xyz</AttributeType><IsRequired>true</IsRequired><Value i:type="a:ArrayOfdouble" xmlns:a="http://schemas.microsoft.com/2003/10/Serialization/Arrays"><a:double>0</a:double><a:double>0</a:double><a:double>0</a:double></Value></Attribute></Attributes><ChildElements/><ElementName>axis</ElementName><required>false</required><XYZAttribute z:Ref="i47"/></URDFElement><URDFElement z:Id="i48" i:type="Limit"><Attributes><Attribute z:Id="i49"><AttributeType>lower</AttributeType><IsRequired>false</IsRequired><Value i:nil="true"/></Attribute><Attribute z:Id="i50"><AttributeType>upper</AttributeType><IsRequired>false</IsRequired><Value i:nil="true"/></Attribute><Attribute z:Id="i51"><AttributeType>effort</AttributeType><IsRequired>true</IsRequired><Value i:nil="true"/></Attribute><Attribute z:Id="i52"><AttributeType>velocity</AttributeType><IsRequired>true</IsRequired><Value i:nil="true"/></Attribute></Attributes><ChildElements/><ElementName>limit</ElementName><required>false</required><EffortAttribute z:Ref="i51"/><LowerAttribute z:Ref="i49"/><UpperAttribute z:Ref="i50"/><VelocityAttribute z:Ref="i52"/></URDFElement><URDFElement z:Id="i53" i:type="Calibration"><Attributes><Attribute z:Id="i54"><AttributeType>rising</AttributeType><IsRequired>false</IsRequired><Value i:nil="true"/></Attribute><Attribute z:Id="i55"><AttributeType>falling</AttributeType><IsRequired>false</IsRequired><Value i:nil="true"/></Attribute></Attributes><ChildElements/><ElementName>calibration</ElementName><required>false</required><FallingAttribute z:Ref="i55"/><RisingAttribute z:Ref="i54"/></URDFElement><URDFElement z:Id="i56" i:type="Dynamics"><Attributes><Attribute z:Id="i57"><AttributeType>damping</AttributeType><IsRequired>false</IsRequired><Value i:nil="true"/></Attribute><Attribute z:Id="i58"><AttributeType>friction</AttributeType><IsRequired>false</IsRequired><Value i:nil="true"/></Attribute></Attributes><ChildElements/><ElementName>dynamics</ElementName><required>false</required><DampingAttribute z:Ref="i57"/><FrictionAttribute z:Ref="i58"/></URDFElement><URDFElement z:Id="i59" i:type="SafetyController"><Attributes><Attribute z:Id="i60"><AttributeType>soft_upper_limit</AttributeType><IsRequired>false</IsRequired><Value i:nil="true"/></Attribute><Attribute z:Id="i61"><AttributeType>soft_lower_limit</AttributeType><IsRequired>false</IsRequired><Value i:nil="true"/></Attribute><Attribute z:Id="i62"><AttributeType>k_position</AttributeType><IsRequired>false</IsRequired><Value i:nil="true"/></Attribute><Attribute z:Id="i63"><AttributeType>k_velocity</AttributeType><IsRequired>true</IsRequired><Value i:nil="true"/></Attribute></Attributes><ChildElements/><ElementName>safety_controller</ElementName><required>false</required><KPositionAttribute z:Ref="i62"/><KVelocityAttribute z:Ref="i63"/><SoftLowerAttribute z:Ref="i61"/><SoftUpperAttribute z:Ref="i60"/></URDFElement><URDFElement z:Id="i64" i:type="Mimic"><Attributes><Attribute z:Id="i65"><AttributeType>joint</AttributeType><IsRequired>true</IsRequired><Value i:nil="true"/></Attribute><Attribute z:Id="i66"><AttributeType>multiplier</AttributeType><IsRequired>false</IsRequired><Value i:nil="true"/></Attribute><Attribute z:Id="i67"><AttributeType>offset</AttributeType><IsRequired>false</IsRequired><Value i:nil="true"/></Attribute></Attributes><ChildElements/><ElementName>mimic</ElementName><required>false</required><JointNameAttribute z:Ref="i65"/><MultiplierAttribute z:Ref="i66"/><OffsetAttribute z:Ref="i67"/></URDFElement></ChildElements><ElementName>joint</ElementName><required>false</required><Axis z:Ref="i46"/><AxisName/><Calibration z:Ref="i53"/><Child z:Ref="i44"/><CoordinateSystemName>base_axis</CoordinateSystemName><Dynamics z:Ref="i56"/><Limit z:Ref="i48"/><Mimic z:Ref="i64"/><NameAttribute z:Ref="i37"/><Origin z:Ref="i39"/><Parent z:Ref="i42"/><Safety z:Ref="i59"/><TypeAttribute z:Ref="i38"/></URDFElement></ChildElements><ElementName>link</ElementName><required>true</required><Children><Link z:Id="i68"><Attributes><Attribute z:Id="i69"><AttributeType>name</AttributeType><IsRequired>true</IsRequired><Value i:type="a:string" xmlns:a="http://www.w3.org/2001/XMLSchema">link1</Value></Attribute></Attributes><ChildElements><URDFElement z:Id="i70" i:type="Inertial"><Attributes/><ChildElements><URDFElement z:Id="i71" i:type="Origin"><Attributes><Attribute z:Id="i72"><AttributeType>xyz</AttributeType><IsRequired>true</IsRequired><Value i:type="a:ArrayOfdouble" xmlns:a="http://schemas.microsoft.com/2003/10/Serialization/Arrays"><a:double>7.2056E-15</a:double><a:double>0.0091204</a:double><a:double>0.02887</a:double></Value></Attribute><Attribute z:Id="i73"><AttributeType>rpy</AttributeType><IsRequired>true</IsRequired><Value i:type="a:ArrayOfdouble" xmlns:a="http://schemas.microsoft.com/2003/10/Serialization/Arrays"><a:double>0</a:double><a:double>0</a:double><a:double>0</a:double></Value></Attribute></Attributes><ChildElements/><ElementName>origin</ElementName><required>false</required><RPYAttribute z:Ref="i73"/><XYZAttribute z:Ref="i72"/><isCustomized>false</isCustomized></URDFElement><URDFElement z:Id="i74" i:type="Mass"><Attributes><Attribute z:Id="i75"><AttributeType>value</AttributeType><IsRequired>true</IsRequired><Value i:type="a:double" xmlns:a="http://www.w3.org/2001/XMLSchema">0.038469</Value></Attribute></Attributes><ChildElements/><ElementName>mass</ElementName><required>false</required><ValueAttribute z:Ref="i75"/></URDFElement><URDFElement z:Id="i76" i:type="Inertia"><Attributes><Attribute z:Id="i77"><AttributeType>ixx</AttributeType><IsRequired>true</IsRequired><Value i:type="a:double" xmlns:a="http://www.w3.org/2001/XMLSchema">1.3425E-05</Value></Attribute><Attribute z:Id="i78"><AttributeType>ixy</AttributeType><IsRequired>true</IsRequired><Value i:type="a:double" xmlns:a="http://www.w3.org/2001/XMLSchema">2.4633E-18</Value></Attribute><Attribute z:Id="i79"><AttributeType>ixz</AttributeType><IsRequired>true</IsRequired><Value i:type="a:double" xmlns:a="http://www.w3.org/2001/XMLSchema">8.8776E-22</Value></Attribute><Attribute z:Id="i80"><AttributeType>iyy</AttributeType><IsRequired>true</IsRequired><Value i:type="a:double" xmlns:a="http://www.w3.org/2001/XMLSchema">5.2069E-06</Value></Attribute><Attribute z:Id="i81"><AttributeType>iyz</AttributeType><IsRequired>true</IsRequired><Value i:type="a:double" xmlns:a="http://www.w3.org/2001/XMLSchema">-8.8773E-22</Value></Attribute><Attribute z:Id="i82"><AttributeType>izz</AttributeType><IsRequired>true</IsRequired><Value i:type="a:double" xmlns:a="http://www.w3.org/2001/XMLSchema">1.6547E-05</Value></Attribute></Attributes><ChildElements/><ElementName>inertia</ElementName><required>false</required><IxxAttribute z:Ref="i77"/><IxyAttribute z:Ref="i78"/><IxzAttribute z:Ref="i79"/><IyyAttribute z:Ref="i80"/><IyzAttribute z:Ref="i81"/><IzzAttribute z:Ref="i82"/></URDFElement></ChildElements><ElementName>inertial</ElementName><required>false</required><Inertia z:Ref="i76"/><Mass z:Ref="i74"/><Origin z:Ref="i71"/></URDFElement><URDFElement z:Id="i83" i:type="Visual"><Attributes/><ChildElements><URDFElement z:Id="i84" i:type="Origin"><Attributes><Attribute z:Id="i85"><AttributeType>xyz</AttributeType><IsRequired>true</IsRequired><Value i:type="a:ArrayOfdouble" xmlns:a="http://schemas.microsoft.com/2003/10/Serialization/Arrays"><a:double>0</a:double><a:double>0</a:double><a:double>0</a:double></Value></Attribute><Attribute z:Id="i86"><AttributeType>rpy</AttributeType><IsRequired>true</IsRequired><Value i:type="a:ArrayOfdouble" xmlns:a="http://schemas.microsoft.com/2003/10/Serialization/Arrays"><a:double>0</a:double><a:double>0</a:double><a:double>0</a:double></Value></Attribute></Attributes><ChildElements/><ElementName>origin</ElementName><required>false</required><RPYAttribute z:Ref="i86"/><XYZAttribute z:Ref="i85"/><isCustomized>false</isCustomized></URDFElement><URDFElement z:Id="i87" i:type="Geometry"><Attributes/><ChildElements><URDFElement z:Id="i88" i:type="Mesh"><Attributes><Attribute z:Id="i89"><AttributeType>filename</AttributeType><IsRequired>true</IsRequired><Value i:nil="true"/></Attribute></Attributes><ChildElements/><ElementName>mesh</ElementName><required>false</required><FilenameAttribute z:Ref="i89"/></URDFElement></ChildElements><ElementName>geometry</ElementName><required>true</required><Mesh z:Ref="i88"/></URDFElement><URDFElement z:Id="i90" i:type="Material"><Attributes><Attribute z:Id="i91"><AttributeType>name</AttributeType><IsRequired>true</IsRequired><Value i:type="a:string" xmlns:a="http://www.w3.org/2001/XMLSchema"/></Attribute></Attributes><ChildElements><URDFElement z:Id="i92" i:type="Color"><Attributes><Attribute z:Id="i93"><AttributeType>rgba</AttributeType><IsRequired>true</IsRequired><Value i:type="a:ArrayOfdouble" xmlns:a="http://schemas.microsoft.com/2003/10/Serialization/Arrays"><a:double>1</a:double><a:double>1</a:double><a:double>1</a:double><a:double>1</a:double></Value></Attribute></Attributes><ChildElements/><ElementName>color</ElementName><required>false</required><RGBAAttribute z:Ref="i93"/></URDFElement><URDFElement z:Id="i94" i:type="Texture"><Attributes><Attribute z:Id="i95"><AttributeType>filename</AttributeType><IsRequired>true</IsRequired><Value i:nil="true"/></Attribute></Attributes><ChildElements/><ElementName>texture</ElementName><required>false</required><FilenameAttribute z:Ref="i95"/><wFilename/></URDFElement></ChildElements><ElementName>material</ElementName><required>false</required><Color z:Ref="i92"/><NameAttribute z:Ref="i91"/><Texture z:Ref="i94"/></URDFElement></ChildElements><ElementName>visual</ElementName><required>false</required><Geometry z:Ref="i87"/><Material z:Ref="i90"/><Origin z:Ref="i84"/></URDFElement><URDFElement z:Id="i96" i:type="Collision"><Attributes/><ChildElements><URDFElement z:Id="i97" i:type="Origin"><Attributes><Attribute z:Id="i98"><AttributeType>xyz</AttributeType><IsRequired>true</IsRequired><Value i:type="a:ArrayOfdouble" xmlns:a="http://schemas.microsoft.com/2003/10/Serialization/Arrays"><a:double>0</a:double><a:double>0</a:double><a:double>0</a:double></Value></Attribute><Attribute z:Id="i99"><AttributeType>rpy</AttributeType><IsRequired>true</IsRequired><Value i:type="a:ArrayOfdouble" xmlns:a="http://schemas.microsoft.com/2003/10/Serialization/Arrays"><a:double>0</a:double><a:double>0</a:double><a:double>0</a:double></Value></Attribute></Attributes><ChildElements/><ElementName>origin</ElementName><required>false</required><RPYAttribute z:Ref="i99"/><XYZAttribute z:Ref="i98"/><isCustomized>false</isCustomized></URDFElement><URDFElement z:Id="i100" i:type="Geometry"><Attributes/><ChildElements><URDFElement z:Id="i101" i:type="Mesh"><Attributes><Attribute z:Id="i102"><AttributeType>filename</AttributeType><IsRequired>true</IsRequired><Value i:nil="true"/></Attribute></Attributes><ChildElements/><ElementName>mesh</ElementName><required>false</required><FilenameAttribute z:Ref="i102"/></URDFElement></ChildElements><ElementName>geometry</ElementName><required>true</required><Mesh z:Ref="i101"/></URDFElement></ChildElements><ElementName>collision</ElementName><required>false</required><Geometry z:Ref="i100"/><Origin z:Ref="i97"/></URDFElement><URDFElement z:Id="i103" i:type="Joint"><Attributes><Attribute z:Id="i104"><AttributeType>name</AttributeType><IsRequired>true</IsRequired><Value i:type="a:string" xmlns:a="http://www.w3.org/2001/XMLSchema">joint1</Value></Attribute><Attribute z:Id="i105"><AttributeType>type</AttributeType><IsRequired>true</IsRequired><Value i:type="a:string" xmlns:a="http://www.w3.org/2001/XMLSchema">continuous</Value></Attribute></Attributes><ChildElements><URDFElement z:Id="i106" i:type="Origin"><Attributes><Attribute z:Id="i107"><AttributeType>xyz</AttributeType><IsRequired>true</IsRequired><Value i:type="a:ArrayOfdouble" xmlns:a="http://schemas.microsoft.com/2003/10/Serialization/Arrays"><a:double>-0.00010002</a:double><a:double>-0.00010002</a:double><a:double>0.3168</a:double></Value></Attribute><Attribute z:Id="i108"><AttributeType>rpy</AttributeType><IsRequired>true</IsRequired><Value i:type="a:ArrayOfdouble" xmlns:a="http://schemas.microsoft.com/2003/10/Serialization/Arrays"><a:double>0</a:double><a:double>0</a:double><a:double>0</a:double></Value></Attribute></Attributes><ChildElements/><ElementName>origin</ElementName><required>false</required><RPYAttribute z:Ref="i108"/><XYZAttribute z:Ref="i107"/><isCustomized>false</isCustomized></URDFElement><URDFElement z:Id="i109" i:type="ParentLink"><Attributes><Attribute z:Id="i110"><AttributeType>link</AttributeType><IsRequired>true</IsRequired><Value i:type="a:string" xmlns:a="http://www.w3.org/2001/XMLSchema">base_link</Value></Attribute></Attributes><ChildElements/><ElementName>parent</ElementName><required>true</required><NameAttribute z:Ref="i110"/></URDFElement><URDFElement z:Id="i111" i:type="ChildLink"><Attributes><Attribute z:Id="i112"><AttributeType>link</AttributeType><IsRequired>true</IsRequired><Value i:type="a:string" xmlns:a="http://www.w3.org/2001/XMLSchema">link1</Value></Attribute></Attributes><ChildElements/><ElementName>child</ElementName><required>true</required><NameAttribute z:Ref="i112"/></URDFElement><URDFElement z:Id="i113" i:type="Axis"><Attributes><Attribute z:Id="i114"><AttributeType>xyz</AttributeType><IsRequired>true</IsRequired><Value i:type="a:ArrayOfdouble" xmlns:a="http://schemas.microsoft.com/2003/10/Serialization/Arrays"><a:double>0</a:double><a:double>0</a:double><a:double>1</a:double></Value></Attribute></Attributes><ChildElements/><ElementName>axis</ElementName><required>false</required><XYZAttribute z:Ref="i114"/></URDFElement><URDFElement z:Id="i115" i:type="Limit"><Attributes><Attribute z:Id="i116"><AttributeType>lower</AttributeType><IsRequired>false</IsRequired><Value i:nil="true"/></Attribute><Attribute z:Id="i117"><AttributeType>upper</AttributeType><IsRequired>false</IsRequired><Value i:nil="true"/></Attribute><Attribute z:Id="i118"><AttributeType>effort</AttributeType><IsRequired>true</IsRequired><Value i:nil="true"/></Attribute><Attribute z:Id="i119"><AttributeType>velocity</AttributeType><IsRequired>true</IsRequired><Value i:nil="true"/></Attribute></Attributes><ChildElements/><ElementName>limit</ElementName><required>false</required><EffortAttribute z:Ref="i118"/><LowerAttribute z:Ref="i116"/><UpperAttribute z:Ref="i117"/><VelocityAttribute z:Ref="i119"/></URDFElement><URDFElement z:Id="i120" i:type="Calibration"><Attributes><Attribute z:Id="i121"><AttributeType>rising</AttributeType><IsRequired>false</IsRequired><Value i:nil="true"/></Attribute><Attribute z:Id="i122"><AttributeType>falling</AttributeType><IsRequired>false</IsRequired><Value i:nil="true"/></Attribute></Attributes><ChildElements/><ElementName>calibration</ElementName><required>false</required><FallingAttribute z:Ref="i122"/><RisingAttribute z:Ref="i121"/></URDFElement><URDFElement z:Id="i123" i:type="Dynamics"><Attributes><Attribute z:Id="i124"><AttributeType>damping</AttributeType><IsRequired>false</IsRequired><Value i:nil="true"/></Attribute><Attribute z:Id="i125"><AttributeType>friction</AttributeType><IsRequired>false</IsRequired><Value i:nil="true"/></Attribute></Attributes><ChildElements/><ElementName>dynamics</ElementName><required>false</required><DampingAttribute z:Ref="i124"/><FrictionAttribute z:Ref="i125"/></URDFElement><URDFElement z:Id="i126" i:type="SafetyController"><Attributes><Attribute z:Id="i127"><AttributeType>soft_upper_limit</AttributeType><IsRequired>false</IsRequired><Value i:nil="true"/></Attribute><Attribute z:Id="i128"><AttributeType>soft_lower_limit</AttributeType><IsRequired>false</IsRequired><Value i:nil="true"/></Attribute><Attribute z:Id="i129"><AttributeType>k_position</AttributeType><IsRequired>false</IsRequired><Value i:nil="true"/></Attribute><Attribute z:Id="i130"><AttributeType>k_velocity</AttributeType><IsRequired>true</IsRequired><Value i:nil="true"/></Attribute></Attributes><ChildElements/><ElementName>safety_controller</ElementName><required>false</required><KPositionAttribute z:Ref="i129"/><KVelocityAttribute z:Ref="i130"/><SoftLowerAttribute z:Ref="i128"/><SoftUpperAttribute z:Ref="i127"/></URDFElement><URDFElement z:Id="i131" i:type="Mimic"><Attributes><Attribute z:Id="i132"><AttributeType>joint</AttributeType><IsRequired>true</IsRequired><Value i:nil="true"/></Attribute><Attribute z:Id="i133"><AttributeType>multiplier</AttributeType><IsRequired>false</IsRequired><Value i:nil="true"/></Attribute><Attribute z:Id="i134"><AttributeType>offset</AttributeType><IsRequired>false</IsRequired><Value i:nil="true"/></Attribute></Attributes><ChildElements/><ElementName>mimic</ElementName><required>false</required><JointNameAttribute z:Ref="i132"/><MultiplierAttribute z:Ref="i133"/><OffsetAttribute z:Ref="i134"/></URDFElement></ChildElements><ElementName>joint</ElementName><required>false</required><Axis z:Ref="i113"/><AxisName>line1</AxisName><Calibration z:Ref="i120"/><Child z:Ref="i111"/><CoordinateSystemName>axis1</CoordinateSystemName><Dynamics z:Ref="i123"/><Limit z:Ref="i115"/><Mimic z:Ref="i131"/><NameAttribute z:Ref="i104"/><Origin z:Ref="i106"/><Parent z:Ref="i109"/><Safety z:Ref="i126"/><TypeAttribute z:Ref="i105"/></URDFElement></ChildElements><ElementName>link</ElementName><required>true</required><Children><Link z:Id="i135"><Attributes><Attribute z:Id="i136"><AttributeType>name</AttributeType><IsRequired>true</IsRequired><Value i:type="a:string" xmlns:a="http://www.w3.org/2001/XMLSchema">link2</Value></Attribute></Attributes><ChildElements><URDFElement z:Id="i137" i:type="Inertial"><Attributes/><ChildElements><URDFElement z:Id="i138" i:type="Origin"><Attributes><Attribute z:Id="i139"><AttributeType>xyz</AttributeType><IsRequired>true</IsRequired><Value i:type="a:ArrayOfdouble" xmlns:a="http://schemas.microsoft.com/2003/10/Serialization/Arrays"><a:double>-0.00042445685390584049</a:double><a:double>0.035898481261201341</a:double><a:double>0.035021106286064078</a:double></Value></Attribute><Attribute z:Id="i140"><AttributeType>rpy</AttributeType><IsRequired>true</IsRequired><Value i:type="a:ArrayOfdouble" xmlns:a="http://schemas.microsoft.com/2003/10/Serialization/Arrays"><a:double>0</a:double><a:double>0</a:double><a:double>0</a:double></Value></Attribute></Attributes><ChildElements/><ElementName>origin</ElementName><required>false</required><RPYAttribute z:Ref="i140"/><XYZAttribute z:Ref="i139"/><isCustomized>false</isCustomized></URDFElement><URDFElement z:Id="i141" i:type="Mass"><Attributes><Attribute z:Id="i142"><AttributeType>value</AttributeType><IsRequired>true</IsRequired><Value i:type="a:double" xmlns:a="http://www.w3.org/2001/XMLSchema">0.58850286648921857</Value></Attribute></Attributes><ChildElements/><ElementName>mass</ElementName><required>false</required><ValueAttribute z:Ref="i142"/></URDFElement><URDFElement z:Id="i143" i:type="Inertia"><Attributes><Attribute z:Id="i144"><AttributeType>ixx</AttributeType><IsRequired>true</IsRequired><Value i:type="a:double" xmlns:a="http://www.w3.org/2001/XMLSchema">0.00086833534044474837</Value></Attribute><Attribute z:Id="i145"><AttributeType>ixy</AttributeType><IsRequired>true</IsRequired><Value i:type="a:double" xmlns:a="http://www.w3.org/2001/XMLSchema">3.4780582771063893E-07</Value></Attribute><Attribute z:Id="i146"><AttributeType>ixz</AttributeType><IsRequired>true</IsRequired><Value i:type="a:double" xmlns:a="http://www.w3.org/2001/XMLSchema">1.4988534633887692E-07</Value></Attribute><Attribute z:Id="i147"><AttributeType>iyy</AttributeType><IsRequired>true</IsRequired><Value i:type="a:double" xmlns:a="http://www.w3.org/2001/XMLSchema">0.001011295333848626</Value></Attribute><Attribute z:Id="i148"><AttributeType>iyz</AttributeType><IsRequired>true</IsRequired><Value i:type="a:double" xmlns:a="http://www.w3.org/2001/XMLSchema">-4.7997732675068085E-06</Value></Attribute><Attribute z:Id="i149"><AttributeType>izz</AttributeType><IsRequired>true</IsRequired><Value i:type="a:double" xmlns:a="http://www.w3.org/2001/XMLSchema">0.00022181611922713861</Value></Attribute></Attributes><ChildElements/><ElementName>inertia</ElementName><required>false</required><IxxAttribute z:Ref="i144"/><IxyAttribute z:Ref="i145"/><IxzAttribute z:Ref="i146"/><IyyAttribute z:Ref="i147"/><IyzAttribute z:Ref="i148"/><IzzAttribute z:Ref="i149"/></URDFElement></ChildElements><ElementName>inertial</ElementName><required>false</required><Inertia z:Ref="i143"/><Mass z:Ref="i141"/><Origin z:Ref="i138"/></URDFElement><URDFElement z:Id="i150" i:type="Visual"><Attributes/><ChildElements><URDFElement z:Id="i151" i:type="Origin"><Attributes><Attribute z:Id="i152"><AttributeType>xyz</AttributeType><IsRequired>true</IsRequired><Value i:type="a:ArrayOfdouble" xmlns:a="http://schemas.microsoft.com/2003/10/Serialization/Arrays"><a:double>0</a:double><a:double>0</a:double><a:double>0</a:double></Value></Attribute><Attribute z:Id="i153"><AttributeType>rpy</AttributeType><IsRequired>true</IsRequired><Value i:type="a:ArrayOfdouble" xmlns:a="http://schemas.microsoft.com/2003/10/Serialization/Arrays"><a:double>0</a:double><a:double>0</a:double><a:double>0</a:double></Value></Attribute></Attributes><ChildElements/><ElementName>origin</ElementName><required>false</required><RPYAttribute z:Ref="i153"/><XYZAttribute z:Ref="i152"/><isCustomized>false</isCustomized></URDFElement><URDFElement z:Id="i154" i:type="Geometry"><Attributes/><ChildElements><URDFElement z:Id="i155" i:type="Mesh"><Attributes><Attribute z:Id="i156"><AttributeType>filename</AttributeType><IsRequired>true</IsRequired><Value i:nil="true"/></Attribute></Attributes><ChildElements/><ElementName>mesh</ElementName><required>false</required><FilenameAttribute z:Ref="i156"/></URDFElement></ChildElements><ElementName>geometry</ElementName><required>true</required><Mesh z:Ref="i155"/></URDFElement><URDFElement z:Id="i157" i:type="Material"><Attributes><Attribute z:Id="i158"><AttributeType>name</AttributeType><IsRequired>true</IsRequired><Value i:type="a:string" xmlns:a="http://www.w3.org/2001/XMLSchema"/></Attribute></Attributes><ChildElements><URDFElement z:Id="i159" i:type="Color"><Attributes><Attribute z:Id="i160"><AttributeType>rgba</AttributeType><IsRequired>true</IsRequired><Value i:type="a:ArrayOfdouble" xmlns:a="http://schemas.microsoft.com/2003/10/Serialization/Arrays"><a:double>0.592156862745098</a:double><a:double>0.66666666666666663</a:double><a:double>0.68235294117647061</a:double><a:double>1</a:double></Value></Attribute></Attributes><ChildElements/><ElementName>color</ElementName><required>false</required><RGBAAttribute z:Ref="i160"/></URDFElement><URDFElement z:Id="i161" i:type="Texture"><Attributes><Attribute z:Id="i162"><AttributeType>filename</AttributeType><IsRequired>true</IsRequired><Value i:nil="true"/></Attribute></Attributes><ChildElements/><ElementName>texture</ElementName><required>false</required><FilenameAttribute z:Ref="i162"/><wFilename/></URDFElement></ChildElements><ElementName>material</ElementName><required>false</required><Color z:Ref="i159"/><NameAttribute z:Ref="i158"/><Texture z:Ref="i161"/></URDFElement></ChildElements><ElementName>visual</ElementName><required>false</required><Geometry z:Ref="i154"/><Material z:Ref="i157"/><Origin z:Ref="i151"/></URDFElement><URDFElement z:Id="i163" i:type="Collision"><Attributes/><ChildElements><URDFElement z:Id="i164" i:type="Origin"><Attributes><Attribute z:Id="i165"><AttributeType>xyz</AttributeType><IsRequired>true</IsRequired><Value i:type="a:ArrayOfdouble" xmlns:a="http://schemas.microsoft.com/2003/10/Serialization/Arrays"><a:double>0</a:double><a:double>0</a:double><a:double>0</a:double></Value></Attribute><Attribute z:Id="i166"><AttributeType>rpy</AttributeType><IsRequired>true</IsRequired><Value i:type="a:ArrayOfdouble" xmlns:a="http://schemas.microsoft.com/2003/10/Serialization/Arrays"><a:double>0</a:double><a:double>0</a:double><a:double>0</a:double></Value></Attribute></Attributes><ChildElements/><ElementName>origin</ElementName><required>false</required><RPYAttribute z:Ref="i166"/><XYZAttribute z:Ref="i165"/><isCustomized>false</isCustomized></URDFElement><URDFElement z:Id="i167" i:type="Geometry"><Attributes/><ChildElements><URDFElement z:Id="i168" i:type="Mesh"><Attributes><Attribute z:Id="i169"><AttributeType>filename</AttributeType><IsRequired>true</IsRequired><Value i:nil="true"/></Attribute></Attributes><ChildElements/><ElementName>mesh</ElementName><required>false</required><FilenameAttribute z:Ref="i169"/></URDFElement></ChildElements><ElementName>geometry</ElementName><required>true</required><Mesh z:Ref="i168"/></URDFElement></ChildElements><ElementName>collision</ElementName><required>false</required><Geometry z:Ref="i167"/><Origin z:Ref="i164"/></URDFElement><URDFElement z:Id="i170" i:type="Joint"><Attributes><Attribute z:Id="i171"><AttributeType>name</AttributeType><IsRequired>true</IsRequired><Value i:type="a:string" xmlns:a="http://www.w3.org/2001/XMLSchema">joint2</Value></Attribute><Attribute z:Id="i172"><AttributeType>type</AttributeType><IsRequired>true</IsRequired><Value i:type="a:string" xmlns:a="http://www.w3.org/2001/XMLSchema">continuous</Value></Attribute></Attributes><ChildElements><URDFElement z:Id="i173" i:type="Origin"><Attributes><Attribute z:Id="i174"><AttributeType>xyz</AttributeType><IsRequired>true</IsRequired><Value i:type="a:ArrayOfdouble" xmlns:a="http://schemas.microsoft.com/2003/10/Serialization/Arrays"><a:double>0</a:double><a:double>0.034</a:double><a:double>0.0462</a:double></Value></Attribute><Attribute z:Id="i175"><AttributeType>rpy</AttributeType><IsRequired>true</IsRequired><Value i:type="a:ArrayOfdouble" xmlns:a="http://schemas.microsoft.com/2003/10/Serialization/Arrays"><a:double>0</a:double><a:double>0</a:double><a:double>0</a:double></Value></Attribute></Attributes><ChildElements/><ElementName>origin</ElementName><required>false</required><RPYAttribute z:Ref="i175"/><XYZAttribute z:Ref="i174"/><isCustomized>false</isCustomized></URDFElement><URDFElement z:Id="i176" i:type="ParentLink"><Attributes><Attribute z:Id="i177"><AttributeType>link</AttributeType><IsRequired>true</IsRequired><Value i:type="a:string" xmlns:a="http://www.w3.org/2001/XMLSchema">link1</Value></Attribute></Attributes><ChildElements/><ElementName>parent</ElementName><required>true</required><NameAttribute z:Ref="i177"/></URDFElement><URDFElement z:Id="i178" i:type="ChildLink"><Attributes><Attribute z:Id="i179"><AttributeType>link</AttributeType><IsRequired>true</IsRequired><Value i:type="a:string" xmlns:a="http://www.w3.org/2001/XMLSchema">link2</Value></Attribute></Attributes><ChildElements/><ElementName>child</ElementName><required>true</required><NameAttribute z:Ref="i179"/></URDFElement><URDFElement z:Id="i180" i:type="Axis"><Attributes><Attribute z:Id="i181"><AttributeType>xyz</AttributeType><IsRequired>true</IsRequired><Value i:type="a:ArrayOfdouble" xmlns:a="http://schemas.microsoft.com/2003/10/Serialization/Arrays"><a:double>0</a:double><a:double>1</a:double><a:double>0</a:double></Value></Attribute></Attributes><ChildElements/><ElementName>axis</ElementName><required>false</required><XYZAttribute z:Ref="i181"/></URDFElement><URDFElement z:Id="i182" i:type="Limit"><Attributes><Attribute z:Id="i183"><AttributeType>lower</AttributeType><IsRequired>false</IsRequired><Value i:nil="true"/></Attribute><Attribute z:Id="i184"><AttributeType>upper</AttributeType><IsRequired>false</IsRequired><Value i:nil="true"/></Attribute><Attribute z:Id="i185"><AttributeType>effort</AttributeType><IsRequired>true</IsRequired><Value i:nil="true"/></Attribute><Attribute z:Id="i186"><AttributeType>velocity</AttributeType><IsRequired>true</IsRequired><Value i:nil="true"/></Attribute></Attributes><ChildElements/><ElementName>limit</ElementName><required>false</required><EffortAttribute z:Ref="i185"/><LowerAttribute z:Ref="i183"/><UpperAttribute z:Ref="i184"/><VelocityAttribute z:Ref="i186"/></URDFElement><URDFElement z:Id="i187" i:type="Calibration"><Attributes><Attribute z:Id="i188"><AttributeType>rising</AttributeType><IsRequired>false</IsRequired><Value i:nil="true"/></Attribute><Attribute z:Id="i189"><AttributeType>falling</AttributeType><IsRequired>false</IsRequired><Value i:nil="true"/></Attribute></Attributes><ChildElements/><ElementName>calibration</ElementName><required>false</required><FallingAttribute z:Ref="i189"/><RisingAttribute z:Ref="i188"/></URDFElement><URDFElement z:Id="i190" i:type="Dynamics"><Attributes><Attribute z:Id="i191"><AttributeType>damping</AttributeType><IsRequired>false</IsRequired><Value i:nil="true"/></Attribute><Attribute z:Id="i192"><AttributeType>friction</AttributeType><IsRequired>false</IsRequired><Value i:nil="true"/></Attribute></Attributes><ChildElements/><ElementName>dynamics</ElementName><required>false</required><DampingAttribute z:Ref="i191"/><FrictionAttribute z:Ref="i192"/></URDFElement><URDFElement z:Id="i193" i:type="SafetyController"><Attributes><Attribute z:Id="i194"><AttributeType>soft_upper_limit</AttributeType><IsRequired>false</IsRequired><Value i:nil="true"/></Attribute><Attribute z:Id="i195"><AttributeType>soft_lower_limit</AttributeType><IsRequired>false</IsRequired><Value i:nil="true"/></Attribute><Attribute z:Id="i196"><AttributeType>k_position</AttributeType><IsRequired>false</IsRequired><Value i:nil="true"/></Attribute><Attribute z:Id="i197"><AttributeType>k_velocity</AttributeType><IsRequired>true</IsRequired><Value i:nil="true"/></Attribute></Attributes><ChildElements/><ElementName>safety_controller</ElementName><required>false</required><KPositionAttribute z:Ref="i196"/><KVelocityAttribute z:Ref="i197"/><SoftLowerAttribute z:Ref="i195"/><SoftUpperAttribute z:Ref="i194"/></URDFElement><URDFElement z:Id="i198" i:type="Mimic"><Attributes><Attribute z:Id="i199"><AttributeType>joint</AttributeType><IsRequired>true</IsRequired><Value i:nil="true"/></Attribute><Attribute z:Id="i200"><AttributeType>multiplier</AttributeType><IsRequired>false</IsRequired><Value i:nil="true"/></Attribute><Attribute z:Id="i201"><AttributeType>offset</AttributeType><IsRequired>false</IsRequired><Value i:nil="true"/></Attribute></Attributes><ChildElements/><ElementName>mimic</ElementName><required>false</required><JointNameAttribute z:Ref="i199"/><MultiplierAttribute z:Ref="i200"/><OffsetAttribute z:Ref="i201"/></URDFElement></ChildElements><ElementName>joint</ElementName><required>false</required><Axis z:Ref="i180"/><AxisName>line2</AxisName><Calibration z:Ref="i187"/><Child z:Ref="i178"/><CoordinateSystemName>axis2</CoordinateSystemName><Dynamics z:Ref="i190"/><Limit z:Ref="i182"/><Mimic z:Ref="i198"/><NameAttribute z:Ref="i171"/><Origin z:Ref="i173"/><Parent z:Ref="i176"/><Safety z:Ref="i193"/><TypeAttribute z:Ref="i172"/></URDFElement></ChildElements><ElementName>link</ElementName><required>true</required><Children><Link z:Id="i202"><Attributes><Attribute z:Id="i203"><AttributeType>name</AttributeType><IsRequired>true</IsRequired><Value i:type="a:string" xmlns:a="http://www.w3.org/2001/XMLSchema">wheel_link</Value></Attribute></Attributes><ChildElements><URDFElement z:Id="i204" i:type="Inertial"><Attributes/><ChildElements><URDFElement z:Id="i205" i:type="Origin"><Attributes><Attribute z:Id="i206"><AttributeType>xyz</AttributeType><IsRequired>true</IsRequired><Value i:type="a:ArrayOfdouble" xmlns:a="http://schemas.microsoft.com/2003/10/Serialization/Arrays"><a:double>2.0595764677056039E-13</a:double><a:double>-1.8463361721315907E-06</a:double><a:double>-3.1979480543398164E-06</a:double></Value></Attribute><Attribute z:Id="i207"><AttributeType>rpy</AttributeType><IsRequired>true</IsRequired><Value i:type="a:ArrayOfdouble" xmlns:a="http://schemas.microsoft.com/2003/10/Serialization/Arrays"><a:double>0</a:double><a:double>0</a:double><a:double>0</a:double></Value></Attribute></Attributes><ChildElements/><ElementName>origin</ElementName><required>false</required><RPYAttribute z:Ref="i207"/><XYZAttribute z:Ref="i206"/><isCustomized>false</isCustomized></URDFElement><URDFElement z:Id="i208" i:type="Mass"><Attributes><Attribute z:Id="i209"><AttributeType>value</AttributeType><IsRequired>true</IsRequired><Value i:type="a:double" xmlns:a="http://www.w3.org/2001/XMLSchema">0.51812017798114962</Value></Attribute></Attributes><ChildElements/><ElementName>mass</ElementName><required>false</required><ValueAttribute z:Ref="i209"/></URDFElement><URDFElement z:Id="i210" i:type="Inertia"><Attributes><Attribute z:Id="i211"><AttributeType>ixx</AttributeType><IsRequired>true</IsRequired><Value i:type="a:double" xmlns:a="http://www.w3.org/2001/XMLSchema">0.0010937527929817362</Value></Attribute><Attribute z:Id="i212"><AttributeType>ixy</AttributeType><IsRequired>true</IsRequired><Value i:type="a:double" xmlns:a="http://www.w3.org/2001/XMLSchema">8.7919457061014334E-16</Value></Attribute><Attribute z:Id="i213"><AttributeType>ixz</AttributeType><IsRequired>true</IsRequired><Value i:type="a:double" xmlns:a="http://www.w3.org/2001/XMLSchema">1.5242800113420145E-15</Value></Attribute><Attribute z:Id="i214"><AttributeType>iyy</AttributeType><IsRequired>true</IsRequired><Value i:type="a:double" xmlns:a="http://www.w3.org/2001/XMLSchema">0.0013650347757821573</Value></Attribute><Attribute z:Id="i215"><AttributeType>iyz</AttributeType><IsRequired>true</IsRequired><Value i:type="a:double" xmlns:a="http://www.w3.org/2001/XMLSchema">0.00046987417738834908</Value></Attribute><Attribute z:Id="i216"><AttributeType>izz</AttributeType><IsRequired>true</IsRequired><Value i:type="a:double" xmlns:a="http://www.w3.org/2001/XMLSchema">0.001907598741383007</Value></Attribute></Attributes><ChildElements/><ElementName>inertia</ElementName><required>false</required><IxxAttribute z:Ref="i211"/><IxyAttribute z:Ref="i212"/><IxzAttribute z:Ref="i213"/><IyyAttribute z:Ref="i214"/><IyzAttribute z:Ref="i215"/><IzzAttribute z:Ref="i216"/></URDFElement></ChildElements><ElementName>inertial</ElementName><required>false</required><Inertia z:Ref="i210"/><Mass z:Ref="i208"/><Origin z:Ref="i205"/></URDFElement><URDFElement z:Id="i217" i:type="Visual"><Attributes/><ChildElements><URDFElement z:Id="i218" i:type="Origin"><Attributes><Attribute z:Id="i219"><AttributeType>xyz</AttributeType><IsRequired>true</IsRequired><Value i:type="a:ArrayOfdouble" xmlns:a="http://schemas.microsoft.com/2003/10/Serialization/Arrays"><a:double>0</a:double><a:double>0</a:double><a:double>0</a:double></Value></Attribute><Attribute z:Id="i220"><AttributeType>rpy</AttributeType><IsRequired>true</IsRequired><Value i:type="a:ArrayOfdouble" xmlns:a="http://schemas.microsoft.com/2003/10/Serialization/Arrays"><a:double>0</a:double><a:double>0</a:double><a:double>0</a:double></Value></Attribute></Attributes><ChildElements/><ElementName>origin</ElementName><required>false</required><RPYAttribute z:Ref="i220"/><XYZAttribute z:Ref="i219"/><isCustomized>false</isCustomized></URDFElement><URDFElement z:Id="i221" i:type="Geometry"><Attributes/><ChildElements><URDFElement z:Id="i222" i:type="Mesh"><Attributes><Attribute z:Id="i223"><AttributeType>filename</AttributeType><IsRequired>true</IsRequired><Value i:nil="true"/></Attribute></Attributes><ChildElements/><ElementName>mesh</ElementName><required>false</required><FilenameAttribute z:Ref="i223"/></URDFElement></ChildElements><ElementName>geometry</ElementName><required>true</required><Mesh z:Ref="i222"/></URDFElement><URDFElement z:Id="i224" i:type="Material"><Attributes><Attribute z:Id="i225"><AttributeType>name</AttributeType><IsRequired>true</IsRequired><Value i:type="a:string" xmlns:a="http://www.w3.org/2001/XMLSchema"/></Attribute></Attributes><ChildElements><URDFElement z:Id="i226" i:type="Color"><Attributes><Attribute z:Id="i227"><AttributeType>rgba</AttributeType><IsRequired>true</IsRequired><Value i:type="a:ArrayOfdouble" xmlns:a="http://schemas.microsoft.com/2003/10/Serialization/Arrays"><a:double>0.6470588235294118</a:double><a:double>0.61960784313725492</a:double><a:double>0.58823529411764708</a:double><a:double>1</a:double></Value></Attribute></Attributes><ChildElements/><ElementName>color</ElementName><required>false</required><RGBAAttribute z:Ref="i227"/></URDFElement><URDFElement z:Id="i228" i:type="Texture"><Attributes><Attribute z:Id="i229"><AttributeType>filename</AttributeType><IsRequired>true</IsRequired><Value i:nil="true"/></Attribute></Attributes><ChildElements/><ElementName>texture</ElementName><required>false</required><FilenameAttribute z:Ref="i229"/><wFilename/></URDFElement></ChildElements><ElementName>material</ElementName><required>false</required><Color z:Ref="i226"/><NameAttribute z:Ref="i225"/><Texture z:Ref="i228"/></URDFElement></ChildElements><ElementName>visual</ElementName><required>false</required><Geometry z:Ref="i221"/><Material z:Ref="i224"/><Origin z:Ref="i218"/></URDFElement><URDFElement z:Id="i230" i:type="Collision"><Attributes/><ChildElements><URDFElement z:Id="i231" i:type="Origin"><Attributes><Attribute z:Id="i232"><AttributeType>xyz</AttributeType><IsRequired>true</IsRequired><Value i:type="a:ArrayOfdouble" xmlns:a="http://schemas.microsoft.com/2003/10/Serialization/Arrays"><a:double>0</a:double><a:double>0</a:double><a:double>0</a:double></Value></Attribute><Attribute z:Id="i233"><AttributeType>rpy</AttributeType><IsRequired>true</IsRequired><Value i:type="a:ArrayOfdouble" xmlns:a="http://schemas.microsoft.com/2003/10/Serialization/Arrays"><a:double>0</a:double><a:double>0</a:double><a:double>0</a:double></Value></Attribute></Attributes><ChildElements/><ElementName>origin</ElementName><required>false</required><RPYAttribute z:Ref="i233"/><XYZAttribute z:Ref="i232"/><isCustomized>false</isCustomized></URDFElement><URDFElement z:Id="i234" i:type="Geometry"><Attributes/><ChildElements><URDFElement z:Id="i235" i:type="Mesh"><Attributes><Attribute z:Id="i236"><AttributeType>filename</AttributeType><IsRequired>true</IsRequired><Value i:nil="true"/></Attribute></Attributes><ChildElements/><ElementName>mesh</ElementName><required>false</required><FilenameAttribute z:Ref="i236"/></URDFElement></ChildElements><ElementName>geometry</ElementName><required>true</required><Mesh z:Ref="i235"/></URDFElement></ChildElements><ElementName>collision</ElementName><required>false</required><Geometry z:Ref="i234"/><Origin z:Ref="i231"/></URDFElement><URDFElement z:Id="i237" i:type="Joint"><Attributes><Attribute z:Id="i238"><AttributeType>name</AttributeType><IsRequired>true</IsRequired><Value i:type="a:string" xmlns:a="http://www.w3.org/2001/XMLSchema">wheel_joint</Value></Attribute><Attribute z:Id="i239"><AttributeType>type</AttributeType><IsRequired>true</IsRequired><Value i:type="a:string" xmlns:a="http://www.w3.org/2001/XMLSchema">continuous</Value></Attribute></Attributes><ChildElements><URDFElement z:Id="i240" i:type="Origin"><Attributes><Attribute z:Id="i241"><AttributeType>xyz</AttributeType><IsRequired>true</IsRequired><Value i:type="a:ArrayOfdouble" xmlns:a="http://schemas.microsoft.com/2003/10/Serialization/Arrays"><a:double>0</a:double><a:double>0.073146</a:double><a:double>-0.13735</a:double></Value></Attribute><Attribute z:Id="i242"><AttributeType>rpy</AttributeType><IsRequired>true</IsRequired><Value i:type="a:ArrayOfdouble" xmlns:a="http://schemas.microsoft.com/2003/10/Serialization/Arrays"><a:double>-1.5708</a:double><a:double>0</a:double><a:double>0</a:double></Value></Attribute></Attributes><ChildElements/><ElementName>origin</ElementName><required>false</required><RPYAttribute z:Ref="i242"/><XYZAttribute z:Ref="i241"/><isCustomized>false</isCustomized></URDFElement><URDFElement z:Id="i243" i:type="ParentLink"><Attributes><Attribute z:Id="i244"><AttributeType>link</AttributeType><IsRequired>true</IsRequired><Value i:type="a:string" xmlns:a="http://www.w3.org/2001/XMLSchema">link2</Value></Attribute></Attributes><ChildElements/><ElementName>parent</ElementName><required>true</required><NameAttribute z:Ref="i244"/></URDFElement><URDFElement z:Id="i245" i:type="ChildLink"><Attributes><Attribute z:Id="i246"><AttributeType>link</AttributeType><IsRequired>true</IsRequired><Value i:type="a:string" xmlns:a="http://www.w3.org/2001/XMLSchema">wheel_link</Value></Attribute></Attributes><ChildElements/><ElementName>child</ElementName><required>true</required><NameAttribute z:Ref="i246"/></URDFElement><URDFElement z:Id="i247" i:type="Axis"><Attributes><Attribute z:Id="i248"><AttributeType>xyz</AttributeType><IsRequired>true</IsRequired><Value i:type="a:ArrayOfdouble" xmlns:a="http://schemas.microsoft.com/2003/10/Serialization/Arrays"><a:double>0</a:double><a:double>-0.5</a:double><a:double>-0.86603</a:double></Value></Attribute></Attributes><ChildElements/><ElementName>axis</ElementName><required>false</required><XYZAttribute z:Ref="i248"/></URDFElement><URDFElement z:Id="i249" i:type="Limit"><Attributes><Attribute z:Id="i250"><AttributeType>lower</AttributeType><IsRequired>false</IsRequired><Value i:nil="true"/></Attribute><Attribute z:Id="i251"><AttributeType>upper</AttributeType><IsRequired>false</IsRequired><Value i:nil="true"/></Attribute><Attribute z:Id="i252"><AttributeType>effort</AttributeType><IsRequired>true</IsRequired><Value i:nil="true"/></Attribute><Attribute z:Id="i253"><AttributeType>velocity</AttributeType><IsRequired>true</IsRequired><Value i:nil="true"/></Attribute></Attributes><ChildElements/><ElementName>limit</ElementName><required>false</required><EffortAttribute z:Ref="i252"/><LowerAttribute z:Ref="i250"/><UpperAttribute z:Ref="i251"/><VelocityAttribute z:Ref="i253"/></URDFElement><URDFElement z:Id="i254" i:type="Calibration"><Attributes><Attribute z:Id="i255"><AttributeType>rising</AttributeType><IsRequired>false</IsRequired><Value i:nil="true"/></Attribute><Attribute z:Id="i256"><AttributeType>falling</AttributeType><IsRequired>false</IsRequired><Value i:nil="true"/></Attribute></Attributes><ChildElements/><ElementName>calibration</ElementName><required>false</required><FallingAttribute z:Ref="i256"/><RisingAttribute z:Ref="i255"/></URDFElement><URDFElement z:Id="i257" i:type="Dynamics"><Attributes><Attribute z:Id="i258"><AttributeType>damping</AttributeType><IsRequired>false</IsRequired><Value i:nil="true"/></Attribute><Attribute z:Id="i259"><AttributeType>friction</AttributeType><IsRequired>false</IsRequired><Value i:nil="true"/></Attribute></Attributes><ChildElements/><ElementName>dynamics</ElementName><required>false</required><DampingAttribute z:Ref="i258"/><FrictionAttribute z:Ref="i259"/></URDFElement><URDFElement z:Id="i260" i:type="SafetyController"><Attributes><Attribute z:Id="i261"><AttributeType>soft_upper_limit</AttributeType><IsRequired>false</IsRequired><Value i:nil="true"/></Attribute><Attribute z:Id="i262"><AttributeType>soft_lower_limit</AttributeType><IsRequired>false</IsRequired><Value i:nil="true"/></Attribute><Attribute z:Id="i263"><AttributeType>k_position</AttributeType><IsRequired>false</IsRequired><Value i:nil="true"/></Attribute><Attribute z:Id="i264"><AttributeType>k_velocity</AttributeType><IsRequired>true</IsRequired><Value i:nil="true"/></Attribute></Attributes><ChildElements/><ElementName>safety_controller</ElementName><required>false</required><KPositionAttribute z:Ref="i263"/><KVelocityAttribute z:Ref="i264"/><SoftLowerAttribute z:Ref="i262"/><SoftUpperAttribute z:Ref="i261"/></URDFElement><URDFElement z:Id="i265" i:type="Mimic"><Attributes><Attribute z:Id="i266"><AttributeType>joint</AttributeType><IsRequired>true</IsRequired><Value i:nil="true"/></Attribute><Attribute z:Id="i267"><AttributeType>multiplier</AttributeType><IsRequired>false</IsRequired><Value i:nil="true"/></Attribute><Attribute z:Id="i268"><AttributeType>offset</AttributeType><IsRequired>false</IsRequired><Value i:nil="true"/></Attribute></Attributes><ChildElements/><ElementName>mimic</ElementName><required>false</required><JointNameAttribute z:Ref="i266"/><MultiplierAttribute z:Ref="i267"/><OffsetAttribute z:Ref="i268"/></URDFElement></ChildElements><ElementName>joint</ElementName><required>false</required><Axis z:Ref="i247"/><AxisName>line3</AxisName><Calibration z:Ref="i254"/><Child z:Ref="i245"/><CoordinateSystemName>axis3</CoordinateSystemName><Dynamics z:Ref="i257"/><Limit z:Ref="i249"/><Mimic z:Ref="i265"/><NameAttribute z:Ref="i238"/><Origin z:Ref="i240"/><Parent z:Ref="i243"/><Safety z:Ref="i260"/><TypeAttribute z:Ref="i239"/></URDFElement></ChildElements><ElementName>link</ElementName><required>true</required><Children/><Collision z:Ref="i230"/><Inertial z:Ref="i204"/><Joint z:Ref="i237"/><NameAttribute z:Ref="i203"/><Parent z:Ref="i135"/><STLQualityFine>false</STLQualityFine><SWComponentPIDs xmlns:a="http://schemas.microsoft.com/2003/10/Serialization/Arrays"><a:base64Binary>aEIAAAUAAAD//v8ZSQBuAGkAdABpAGEAVwBoAGUAZQBsADIALQAxAEAAdwBoAGUAZQBsAF8AdQByAGQAZgAEAAAAEAAAAAEAAAABAAAAUwAAAA==</a:base64Binary></SWComponentPIDs><SWMainComponentPID i:nil="true"/><Visual z:Ref="i217"/><isFixedFrame>false</isFixedFrame><isIncomplete>false</isIncomplete></Link></Children><Collision z:Ref="i163"/><Inertial z:Ref="i137"/><Joint z:Ref="i170"/><NameAttribute z:Ref="i136"/><Parent z:Ref="i68"/><STLQualityFine>false</STLQualityFine><SWComponentPIDs xmlns:a="http://schemas.microsoft.com/2003/10/Serialization/Arrays"><a:base64Binary>aEIAAAUAAAD//v8nMQAxACAAFn8BeGhWIABJAFAANQA0AC0AQgBSAFQANQAwAC0AOABtAG0AdI8uAHMAdABwAC0AMQBAAHcAaABlAGUAbABfAHUAcgBkAGYABAAAABAAAAABAAAAAQAAAC0AAAA=</a:base64Binary><a:base64Binary>aEIAAAUAAAD//v8PHXgBeC0AMQBAAHcAaABlAGUAbABfAHUAcgBkAGYABAAAABAAAAABAAAAAQAAAGgAAAA=</a:base64Binary><a:base64Binary>aEIAAAUAAAD//v8STZHNkVdX+laaWy0AMQBAAHcAaABlAGUAbABfAHUAcgBkAGYABAAAABAAAAABAAAAAQAAAHAAAAA=</a:base64Binary><a:base64Binary>aEIAAAUAAAD//v8PcI2/fi0AMQBAAHcAaABlAGUAbABfAHUAcgBkAGYABAAAABAAAAABAAAAAQAAAGEAAAA=</a:base64Binary><a:base64Binary>aEIAAAUAAAD//v8QSQBNAFUALQAxAEAAdwBoAGUAZQBsAF8AdQByAGQAZgAEAAAAEAAAAAEAAAABAAAAdAAAAA==</a:base64Binary><a:base64Binary>aEIAAAUAAAD//v8wcgBvAGIAbwB0AG0AYQBzAHQAZQByAEEAi1d/Zy0AMQBAAHcAaABlAGUAbABfAHUAcgBkAGYALwA1de+Nf2ctADEAQAByAG8AYgBvAHQAbQBhAHMAdABlAHIAQQCLV39nBAAAABAAAAABAAAAAgAAACMAAAARAAAA</a:base64Binary><a:base64Binary>aEIAAAUAAAD//v8bTQBGADYAMAAxADAALQAzAEQALgBzAHQAZQBwAC0AMQBAAHcAaABlAGUAbABfAHUAcgBkAGYABAAAABAAAAABAAAAAQAAABoAAAA=</a:base64Binary><a:base64Binary>aEIAAAUAAAD//v8UMQAwAKZe+laaW96PpWMtADEAQAB3AGgAZQBlAGwAXwB1AHIAZABmAAQAAAAQAAAAAQAAAAEAAAA8AQAA</a:base64Binary><a:base64Binary>aEIAAAUAAAD//v8SUABhAG4AZQAxAC0AMQBAAHcAaABlAGUAbABfAHUAcgBkAGYABAAAABAAAAABAAAAAQAAABkAAAA=</a:base64Binary><a:base64Binary>aEIAAAUAAAD//v80cgBvAGIAbwB0AG0AYQBzAHQAZQByAEEAi1d/Zy0AMQBAAHcAaABlAGUAbABfAHUAcgBkAGYALwBTAHcAaQB0AGgAYwAyAC0AMQBAAHIAbwBiAG8AdABtAGEAcwB0AGUAcgBBAItXf2cEAAAAEAAAAAEAAAACAAAAIwAAADwAAAA=</a:base64Binary><a:base64Binary>aEIAAAUAAAD//v80cgBvAGIAbwB0AG0AYQBzAHQAZQByAEEAi1d/Zy0AMQBAAHcAaABlAGUAbABfAHUAcgBkAGYALwBTAHcAaQB0AGgAYwA0AC0AMQBAAHIAbwBiAG8AdABtAGEAcwB0AGUAcgBBAItXf2cEAAAAEAAAAAEAAAACAAAAIwAAADsAAAA=</a:base64Binary><a:base64Binary>aEIAAAUAAAD//v8wcgBvAGIAbwB0AG0AYQBzAHQAZQByAEEAi1d/Zy0AMQBAAHcAaABlAGUAbABfAHUAcgBkAGYALwBDUfZOMwAtADEAQAByAG8AYgBvAHQAbQBhAHMAdABlAHIAQQCLV39nBAAAABAAAAABAAAAAgAAACMAAAA5AAAA</a:base64Binary><a:base64Binary>aEIAAAUAAAD//v81cgBvAGIAbwB0AG0AYQBzAHQAZQByAEEAi1d/Zy0AMQBAAHcAaABlAGUAbABfAHUAcgBkAGYALwAxAHgAMwBwAGkAbgAtAHcALQAxAEAAcgBvAGIAbwB0AG0AYQBzAHQAZQByAEEAi1d/ZwQAAAAQAAAAAQAAAAIAAAAjAAAANwAAAA==</a:base64Binary><a:base64Binary>aEIAAAUAAAD//v86cgBvAGIAbwB0AG0AYQBzAHQAZQByAEEAi1d/Zy0AMQBAAHcAaABlAGUAbABfAHUAcgBkAGYALwAyAFAAaQBuACAALQAgADEALgAyADUAbQBtAC0AMQBAAHIAbwBiAG8AdABtAGEAcwB0AGUAcgBBAItXf2cEAAAAEAAAAAEAAAACAAAAIwAAADYAAAA=</a:base64Binary><a:base64Binary>aEIAAAUAAAD//v8xcgBvAGIAbwB0AG0AYQBzAHQAZQByAEEAi1d/Zy0AMQBAAHcAaABlAGUAbABfAHUAcgBkAGYALwBjAGEAbgAyAC0ANwBAAHIAbwBiAG8AdABtAGEAcwB0AGUAcgBBAItXf2cEAAAAEAAAAAEAAAACAAAAIwAAADIAAAA=</a:base64Binary><a:base64Binary>aEIAAAUAAAD//v8xcgBvAGIAbwB0AG0AYQBzAHQAZQByAEEAi1d/Zy0AMQBAAHcAaABlAGUAbABfAHUAcgBkAGYALwBjAGEAbgAyAC0ANgBAAHIAbwBiAG8AdABtAGEAcwB0AGUAcgBBAItXf2cEAAAAEAAAAAEAAAACAAAAIwAAADEAAAA=</a:base64Binary><a:base64Binary>aEIAAAUAAAD//v8xcgBvAGIAbwB0AG0AYQBzAHQAZQByAEEAi1d/Zy0AMQBAAHcAaABlAGUAbABfAHUAcgBkAGYALwBjAGEAbgAyAC0AMwBAAHIAbwBiAG8AdABtAGEAcwB0AGUAcgBBAItXf2cEAAAAEAAAAAEAAAACAAAAIwAAAC4AAAA=</a:base64Binary><a:base64Binary>aEIAAAUAAAD//v8xcgBvAGIAbwB0AG0AYQBzAHQAZQByAEEAi1d/Zy0AMQBAAHcAaABlAGUAbABfAHUAcgBkAGYALwBjAGEAbgAyAC0ANABAAHIAbwBiAG8AdABtAGEAcwB0AGUAcgBBAItXf2cEAAAAEAAAAAEAAAACAAAAIwAAAC8AAAA=</a:base64Binary><a:base64Binary>aEIAAAUAAAD//v8xcgBvAGIAbwB0AG0AYQBzAHQAZQByAEEAi1d/Zy0AMQBAAHcAaABlAGUAbABfAHUAcgBkAGYALwBjAGEAbgAyAC0AMgBAAHIAbwBiAG8AdABtAGEAcwB0AGUAcgBBAItXf2cEAAAAEAAAAAEAAAACAAAAIwAAAC0AAAA=</a:base64Binary><a:base64Binary>aEIAAAUAAAD//v8xcgBvAGIAbwB0AG0AYQBzAHQAZQByAEEAi1d/Zy0AMQBAAHcAaABlAGUAbABfAHUAcgBkAGYALwBjAGEAbgAyAC0ANQBAAHIAbwBiAG8AdABtAGEAcwB0AGUAcgBBAItXf2cEAAAAEAAAAAEAAAACAAAAIwAAADAAAAA=</a:base64Binary><a:base64Binary>aEIAAAUAAAD//v82cgBvAGIAbwB0AG0AYQBzAHQAZQByAEEAi1d/Zy0AMQBAAHcAaABlAGUAbABfAHUAcgBkAGYALwBTAFQATQAzADIARgA0ADIANwAtADEAQAByAG8AYgBvAHQAbQBhAHMAdABlAHIAQQCLV39nBAAAABAAAAABAAAAAgAAACMAAAA6AAAA</a:base64Binary><a:base64Binary>aEIAAAUAAAD//v9DcgBvAGIAbwB0AG0AYQBzAHQAZQByAEEAi1d/Zy0AMQBAAHcAaABlAGUAbABfAHUAcgBkAGYALwBEAFMAMQAwADQAMAAtADAAMwAgACgARABJAFAAXwBzAHcAaQB0AGMAaAApAC0AMQBAAHIAbwBiAG8AdABtAGEAcwB0AGUAcgBBAItXf2cEAAAAEAAAAAEAAAACAAAAIwAAADgAAAA=</a:base64Binary><a:base64Binary>aEIAAAUAAAD//v8xcgBvAGIAbwB0AG0AYQBzAHQAZQByAEEAi1d/Zy0AMQBAAHcAaABlAGUAbABfAHUAcgBkAGYALwBPAEwARQBEAC0AMQBAAHIAbwBiAG8AdABtAGEAcwB0AGUAcgBBAItXf2cEAAAAEAAAAAEAAAACAAAAIwAAADQAAAA=</a:base64Binary><a:base64Binary>aEIAAAUAAAD//v8xcgBvAGIAbwB0AG0AYQBzAHQAZQByAEEAi1d/Zy0AMQBAAHcAaABlAGUAbABfAHUAcgBkAGYALwBjAGEAbgAyAC0AOABAAHIAbwBiAG8AdABtAGEAcwB0AGUAcgBBAItXf2cEAAAAEAAAAAEAAAACAAAAIwAAADMAAAA=</a:base64Binary><a:base64Binary>aEIAAAUAAAD//v8xcgBvAGIAbwB0AG0AYQBzAHQAZQByAEEAi1d/Zy0AMQBAAHcAaABlAGUAbABfAHUAcgBkAGYALwBjAGEAbgAxAC0ANQBAAHIAbwBiAG8AdABtAGEAcwB0AGUAcgBBAItXf2cEAAAAEAAAAAEAAAACAAAAIwAAACkAAAA=</a:base64Binary><a:base64Binary>aEIAAAUAAAD//v8xcgBvAGIAbwB0AG0AYQBzAHQAZQByAEEAi1d/Zy0AMQBAAHcAaABlAGUAbABfAHUAcgBkAGYALwBjAGEAbgAxAC0ANABAAHIAbwBiAG8AdABtAGEAcwB0AGUAcgBBAItXf2cEAAAAEAAAAAEAAAACAAAAIwAAACgAAAA=</a:base64Binary><a:base64Binary>aEIAAAUAAAD//v86cgBvAGIAbwB0AG0AYQBzAHQAZQByAEEAi1d/Zy0AMQBAAHcAaABlAGUAbABfAHUAcgBkAGYALwBBAG0AYQBzAHMAXwBYAFQAMwAwAFUALQBGAC0ANwBAAHIAbwBiAG8AdABtAGEAcwB0AGUAcgBBAItXf2cEAAAAEAAAAAEAAAACAAAAIwAAACQAAAA=</a:base64Binary><a:base64Binary>aEIAAAUAAAD//v86cgBvAGIAbwB0AG0AYQBzAHQAZQByAEEAi1d/Zy0AMQBAAHcAaABlAGUAbABfAHUAcgBkAGYALwBBAG0AYQBzAHMAXwBYAFQAMwAwAFUALQBGAC0AMwBAAHIAbwBiAG8AdABtAGEAcwB0AGUAcgBBAItXf2cEAAAAEAAAAAEAAAACAAAAIwAAACAAAAA=</a:base64Binary><a:base64Binary>aEIAAAUAAAD//v8xcgBvAGIAbwB0AG0AYQBzAHQAZQByAEEAi1d/Zy0AMQBAAHcAaABlAGUAbABfAHUAcgBkAGYALwBjAGEAbgAxAC0AMQBAAHIAbwBiAG8AdABtAGEAcwB0AGUAcgBBAItXf2cEAAAAEAAAAAEAAAACAAAAIwAAACUAAAA=</a:base64Binary><a:base64Binary>aEIAAAUAAAD//v86cgBvAGIAbwB0AG0AYQBzAHQAZQByAEEAi1d/Zy0AMQBAAHcAaABlAGUAbABfAHUAcgBkAGYALwBBAG0AYQBzAHMAXwBYAFQAMwAwAFUALQBGAC0ANABAAHIAbwBiAG8AdABtAGEAcwB0AGUAcgBBAItXf2cEAAAAEAAAAAEAAAACAAAAIwAAACEAAAA=</a:base64Binary><a:base64Binary>aEIAAAUAAAD//v86cgBvAGIAbwB0AG0AYQBzAHQAZQByAEEAi1d/Zy0AMQBAAHcAaABlAGUAbABfAHUAcgBkAGYALwBBAG0AYQBzAHMAXwBYAFQAMwAwAFUALQBGAC0AMgBAAHIAbwBiAG8AdABtAGEAcwB0AGUAcgBBAItXf2cEAAAAEAAAAAEAAAACAAAAIwAAAB4AAAA=</a:base64Binary><a:base64Binary>aEIAAAUAAAD//v86cgBvAGIAbwB0AG0AYQBzAHQAZQByAEEAi1d/Zy0AMQBAAHcAaABlAGUAbABfAHUAcgBkAGYALwBBAG0AYQBzAHMAXwBYAFQAMwAwAFUALQBGAC0ANgBAAHIAbwBiAG8AdABtAGEAcwB0AGUAcgBBAItXf2cEAAAAEAAAAAEAAAACAAAAIwAAACMAAAA=</a:base64Binary><a:base64Binary>aEIAAAUAAAD//v8xcgBvAGIAbwB0AG0AYQBzAHQAZQByAEEAi1d/Zy0AMQBAAHcAaABlAGUAbABfAHUAcgBkAGYALwBjAGEAbgAyAC0AMQBAAHIAbwBiAG8AdABtAGEAcwB0AGUAcgBBAItXf2cEAAAAEAAAAAEAAAACAAAAIwAAACwAAAA=</a:base64Binary><a:base64Binary>aEIAAAUAAAD//v8xcgBvAGIAbwB0AG0AYQBzAHQAZQByAEEAi1d/Zy0AMQBAAHcAaABlAGUAbABfAHUAcgBkAGYALwBjAGEAbgAxAC0ANgBAAHIAbwBiAG8AdABtAGEAcwB0AGUAcgBBAItXf2cEAAAAEAAAAAEAAAACAAAAIwAAACoAAAA=</a:base64Binary><a:base64Binary>aEIAAAUAAAD//v87cgBvAGIAbwB0AG0AYQBzAHQAZQByAEEAi1d/Zy0AMQBAAHcAaABlAGUAbABfAHUAcgBkAGYALwBBAG0AYQBzAHMAXwBYAFQAMwAwAFAAVwAtAE0ALQAxAEAAcgBvAGIAbwB0AG0AYQBzAHQAZQByAEEAi1d/ZwQAAAAQAAAAAQAAAAIAAAAjAAAAHwAAAA==</a:base64Binary><a:base64Binary>aEIAAAUAAAD//v8xcgBvAGIAbwB0AG0AYQBzAHQAZQByAEEAi1d/Zy0AMQBAAHcAaABlAGUAbABfAHUAcgBkAGYALwBjAGEAbgAxAC0ANwBAAHIAbwBiAG8AdABtAGEAcwB0AGUAcgBBAItXf2cEAAAAEAAAAAEAAAACAAAAIwAAACsAAAA=</a:base64Binary><a:base64Binary>aEIAAAUAAAD//v8xcgBvAGIAbwB0AG0AYQBzAHQAZQByAEEAi1d/Zy0AMQBAAHcAaABlAGUAbABfAHUAcgBkAGYALwBjAGEAbgAxAC0AMgBAAHIAbwBiAG8AdABtAGEAcwB0AGUAcgBBAItXf2cEAAAAEAAAAAEAAAACAAAAIwAAACYAAAA=</a:base64Binary><a:base64Binary>aEIAAAUAAAD//v8xcgBvAGIAbwB0AG0AYQBzAHQAZQByAEEAi1d/Zy0AMQBAAHcAaABlAGUAbABfAHUAcgBkAGYALwBjAGEAbgAxAC0AMwBAAHIAbwBiAG8AdABtAGEAcwB0AGUAcgBBAItXf2cEAAAAEAAAAAEAAAACAAAAIwAAACcAAAA=</a:base64Binary><a:base64Binary>aEIAAAUAAAD//v86cgBvAGIAbwB0AG0AYQBzAHQAZQByAEEAi1d/Zy0AMQBAAHcAaABlAGUAbABfAHUAcgBkAGYALwBBAG0AYQBzAHMAXwBYAFQAMwAwAFUALQBGAC0ANQBAAHIAbwBiAG8AdABtAGEAcwB0AGUAcgBBAItXf2cEAAAAEAAAAAEAAAACAAAAIwAAACIAAAA=</a:base64Binary><a:base64Binary>aEIAAAUAAAD//v8wcgBvAGIAbwB0AG0AYQBzAHQAZQByAEEAi1d/Zy0AMQBAAHcAaABlAGUAbABfAHUAcgBkAGYALwBDUfZOMgAtADEAQAByAG8AYgBvAHQAbQBhAHMAdABlAHIAQQCLV39nBAAAABAAAAABAAAAAgAAACMAAAAcAAAA</a:base64Binary><a:base64Binary>aEIAAAUAAAD//v8wcgBvAGIAbwB0AG0AYQBzAHQAZQByAEEAi1d/Zy0AMQBAAHcAaABlAGUAbABfAHUAcgBkAGYALwAzAHgAOAAtADEAQAByAG8AYgBvAHQAbQBhAHMAdABlAHIAQQCLV39nBAAAABAAAAABAAAAAgAAACMAAAAaAAAA</a:base64Binary><a:base64Binary>aEIAAAUAAAD//v8zcgBvAGIAbwB0AG0AYQBzAHQAZQByAEEAi1d/Zy0AMQBAAHcAaABlAGUAbABfAHUAcgBkAGYALwAxAHgAMwBwAGkAbgAtADEAQAByAG8AYgBvAHQAbQBhAHMAdABlAHIAQQCLV39nBAAAABAAAAABAAAAAgAAACMAAAAVAAAA</a:base64Binary><a:base64Binary>aEIAAAUAAAD//v8wcgBvAGIAbwB0AG0AYQBzAHQAZQByAEEAi1d/Zy0AMQBAAHcAaABlAGUAbABfAHUAcgBkAGYALwBDUfZOMQAtADEAQAByAG8AYgBvAHQAbQBhAHMAdABlAHIAQQCLV39nBAAAABAAAAABAAAAAgAAACMAAAASAAAA</a:base64Binary><a:base64Binary>aEIAAAUAAAD//v80cgBvAGIAbwB0AG0AYQBzAHQAZQByAEEAi1d/Zy0AMQBAAHcAaABlAGUAbABfAHUAcgBkAGYALwAyAHgAMQAwAHAAaQBuAC0AMQBAAHIAbwBiAG8AdABtAGEAcwB0AGUAcgBBAItXf2cEAAAAEAAAAAEAAAACAAAAIwAAABkAAAA=</a:base64Binary><a:base64Binary>aEIAAAUAAAD//v82cgBvAGIAbwB0AG0AYQBzAHQAZQByAEEAi1d/Zy0AMQBAAHcAaABlAGUAbABfAHUAcgBkAGYALwBtAGkAYwByAG8AIABVAFMAQgAtADEAQAByAG8AYgBvAHQAbQBhAHMAdABlAHIAQQCLV39nBAAAABAAAAABAAAAAgAAACMAAAAUAAAA</a:base64Binary><a:base64Binary>aEIAAAUAAAD//v8zcgBvAGIAbwB0AG0AYQBzAHQAZQByAEEAi1d/Zy0AMQBAAHcAaABlAGUAbABfAHUAcgBkAGYALwAxAHgAMwBwAGkAbgAtADQAQAByAG8AYgBvAHQAbQBhAHMAdABlAHIAQQCLV39nBAAAABAAAAABAAAAAgAAACMAAAAYAAAA</a:base64Binary><a:base64Binary>aEIAAAUAAAD//v8zcgBvAGIAbwB0AG0AYQBzAHQAZQByAEEAi1d/Zy0AMQBAAHcAaABlAGUAbABfAHUAcgBkAGYALwAxAHgAMwBwAGkAbgAtADIAQAByAG8AYgBvAHQAbQBhAHMAdABlAHIAQQCLV39nBAAAABAAAAABAAAAAgAAACMAAAAWAAAA</a:base64Binary><a:base64Binary>aEIAAAUAAAD//v86cgBvAGIAbwB0AG0AYQBzAHQAZQByAEEAi1d/Zy0AMQBAAHcAaABlAGUAbABfAHUAcgBkAGYALwBBAG0AYQBzAHMAXwBYAFQAMwAwAFUALQBGAC0AMQBAAHIAbwBiAG8AdABtAGEAcwB0AGUAcgBBAItXf2cEAAAAEAAAAAEAAAACAAAAIwAAAB0AAAA=</a:base64Binary><a:base64Binary>aEIAAAUAAAD//v8wcgBvAGIAbwB0AG0AYQBzAHQAZQByAEEAi1d/Zy0AMQBAAHcAaABlAGUAbABfAHUAcgBkAGYALwAzAHgAOAAtADIAQAByAG8AYgBvAHQAbQBhAHMAdABlAHIAQQCLV39nBAAAABAAAAABAAAAAgAAACMAAAAbAAAA</a:base64Binary><a:base64Binary>aEIAAAUAAAD//v8zcgBvAGIAbwB0AG0AYQBzAHQAZQByAEEAi1d/Zy0AMQBAAHcAaABlAGUAbABfAHUAcgBkAGYALwAxAHgAMwBwAGkAbgAtADMAQAByAG8AYgBvAHQAbQBhAHMAdABlAHIAQQCLV39nBAAAABAAAAABAAAAAgAAACMAAAAXAAAA</a:base64Binary><a:base64Binary>aEIAAAUAAAD//v80cgBvAGIAbwB0AG0AYQBzAHQAZQByAEEAi1d/Zy0AMQBAAHcAaABlAGUAbABfAHUAcgBkAGYALwBtAGkAYwByAG8AcwBkAC0AMQBAAHIAbwBiAG8AdABtAGEAcwB0AGUAcgBBAItXf2cEAAAAEAAAAAEAAAACAAAAIwAAABMAAAA=</a:base64Binary><a:base64Binary>aEIAAAUAAAD//v8PNXVgbC0AMQBAAHcAaABlAGUAbABfAHUAcgBkAGYABAAAABAAAAABAAAAAQAAADkAAAA=</a:base64Binary><a:base64Binary>aEIAAAUAAAD//v8TNXVgbPpWmlu2ZzEALQAxAEAAdwBoAGUAZQBsAF8AdQByAGQAZgAEAAAAEAAAAAEAAAABAAAAQAAAAA==</a:base64Binary></SWComponentPIDs><SWMainComponentPID i:nil="true"/><Visual z:Ref="i150"/><isFixedFrame>false</isFixedFrame><isIncomplete>false</isIncomplete></Link></Children><Collision z:Ref="i96"/><Inertial z:Ref="i70"/><Joint z:Ref="i103"/><NameAttribute z:Ref="i69"/><Parent z:Ref="i1"/><STLQualityFine>false</STLQualityFine><SWComponentPIDs xmlns:a="http://schemas.microsoft.com/2003/10/Serialization/Arrays"><a:base64Binary>aEIAAAUAAAD//v8WTQA2AHgAMQAyAHgAMQCrV0dyLQAyAEAAdwBoAGUAZQBsAF8AdQByAGQAZgAEAAAAEAAAAAEAAAABAAAAxAEAAA==</a:base64Binary><a:base64Binary>aEIAAAUAAAD//v8mQwBoAGEAbgBnAGUAXwBPAHYAZQByAF8AQgBvAGEAcgBkACgAMQApAC4AcwB0AGUAcAAtADEAQAB3AGgAZQBlAGwAXwB1AHIAZABmAAQAAAAQAAAAAQAAAAEAAACTAAAA</a:base64Binary><a:base64Binary>aEIAAAUAAAD//v8YOAB4AG0ANgB4ADEANgBeWFNiuocdTi0AMQBAAHcAaABlAGUAbABfAHUAcgBkAGYABAAAABAAAAABAAAAAQAAAAcBAAA=</a:base64Binary><a:base64Binary>aEIAAAUAAAD//v8TRgA2ADIAOABaAFoALQAzAEAAdwBoAGUAZQBsAF8AdQByAGQAZgAEAAAAEAAAAAEAAAABAAAAygEAAA==</a:base64Binary><a:base64Binary>aEIAAAUAAAD//v8Sf5WmXgOMdGVXVy0AMgBAAHcAaABlAGUAbABfAHUAcgBkAGYABAAAABAAAAABAAAAAQAAAGsBAAA=</a:base64Binary><a:base64Binary>aEIAAAUAAAD//v8Sf5WmXgOMdGVXVy0AMQBAAHcAaABlAGUAbABfAHUAcgBkAGYABAAAABAAAAABAAAAAQAAAGYBAAA=</a:base64Binary><a:base64Binary>aEIAAAUAAAD//v8R+laaW6deMgAtADEAQAB3AGgAZQBlAGwAXwB1AHIAZABmAAQAAAAQAAAAAQAAAAEAAACJAAAA</a:base64Binary><a:base64Binary>aEIAAAUAAAD//v8QqG0nfVdZLQAxAEAAdwBoAGUAZQBsAF8AdQByAGQAZgAEAAAAEAAAAAEAAAABAAAAMwAAAA==</a:base64Binary></SWComponentPIDs><SWMainComponentPID i:nil="true"/><Visual z:Ref="i83"/><isFixedFrame>false</isFixedFrame><isIncomplete>false</isIncomplete></Link></Children><Collision z:Ref="i29"/><Inertial z:Ref="i3"/><Joint z:Ref="i36"/><NameAttribute z:Ref="i2"/><Parent i:nil="true"/><STLQualityFine>false</STLQualityFine><SWComponentPIDs xmlns:a="http://schemas.microsoft.com/2003/10/Serialization/Arrays"><a:base64Binary>aEIAAAUAAAD//v8Pp15QWy0AMQBAAHcAaABlAGUAbABfAHUAcgBkAGYABAAAABAAAAABAAAAAQAAACgBAAA=</a:base64Binary><a:base64Binary>aEIAAAUAAAD//v8pOAAtADMAMAAzADAARgDdlItXUGdbADgALQAzADAAMwAwAEYALQBTAC0ATwBPAC0AMwAyADAAXQAtADEAQAB3AGgAZQBlAGwAXwB1AHIAZABmAAQAAAAQAAAAAQAAAAEAAAAPAQAA</a:base64Binary></SWComponentPIDs><SWMainComponentPID i:nil="true"/><Visual z:Ref="i16"/><isFixedFrame>false</isFixedFrame><isIncomplete>false</isIncomplete></Link>
2025-07-21 09:34:05,121 INFO  ExportHelperExtension.cs: 347 - Creating joint link1
2025-07-21 09:34:05,428 WARN  ExportHelperExtension.cs: 351 - Creating joint from parent base_link to child link1 failed
2025-07-21 09:34:05,442 INFO  ExportHelperExtension.cs: 347 - Creating joint link2
2025-07-21 09:34:05,605 WARN  ExportHelperExtension.cs: 351 - Creating joint from parent link1 to child link2 failed
2025-07-21 09:34:06,826 INFO  ExportHelperExtension.cs: 347 - Creating joint wheel_link
2025-07-21 09:34:07,034 WARN  ExportHelperExtension.cs: 351 - Creating joint from parent link2 to child wheel_link failed
2025-07-21 09:34:07,190 INFO  ExportHelperExtension.cs: 1125 - Retrieving features of type [CoordSys] from wheel_urdf
2025-07-21 09:34:07,194 INFO  ExportHelperExtension.cs: 1136 - Found 114 in wheel_urdf
2025-07-21 09:34:07,194 INFO  ExportHelperExtension.cs: 1145 - Found 5 features of type [CoordSys] in wheel_urdf
2025-07-21 09:34:07,195 INFO  ExportHelperExtension.cs: 1148 - Proceeding through assembly components
2025-07-21 09:34:07,195 INFO  ExportHelperExtension.cs: 1160 - 22 components to check
2025-07-21 09:34:07,195 INFO  ExportHelperExtension.cs: 1125 - Retrieving features of type [CoordSys] from ³¤¶Èµ÷Õû¿é-2
2025-07-21 09:34:07,195 INFO  ExportHelperExtension.cs: 1136 - Found 33 in ³¤¶Èµ÷Õû¿é-2
2025-07-21 09:34:07,200 INFO  ExportHelperExtension.cs: 1145 - Found 0 features of type [CoordSys] in ³¤¶Èµ÷Õû¿é-2
2025-07-21 09:34:07,201 INFO  ExportHelperExtension.cs: 1125 - Retrieving features of type [CoordSys] from MF6010-3D.step-1
2025-07-21 09:34:07,211 INFO  ExportHelperExtension.cs: 1136 - Found 36 in MF6010-3D.step-1
2025-07-21 09:34:07,212 INFO  ExportHelperExtension.cs: 1145 - Found 0 features of type [CoordSys] in MF6010-3D.step-1
2025-07-21 09:34:07,212 INFO  ExportHelperExtension.cs: 1125 - Retrieving features of type [CoordSys] from Pane1-1
2025-07-21 09:34:07,212 INFO  ExportHelperExtension.cs: 1136 - Found 59 in Pane1-1
2025-07-21 09:34:07,213 INFO  ExportHelperExtension.cs: 1145 - Found 0 features of type [CoordSys] in Pane1-1
2025-07-21 09:34:07,213 INFO  ExportHelperExtension.cs: 1125 - Retrieving features of type [CoordSys] from ¹Ì¶¨×ù2-1
2025-07-21 09:34:07,213 INFO  ExportHelperExtension.cs: 1136 - Found 34 in ¹Ì¶¨×ù2-1
2025-07-21 09:34:07,213 INFO  ExportHelperExtension.cs: 1145 - Found 0 features of type [CoordSys] in ¹Ì¶¨×ù2-1
2025-07-21 09:34:07,213 INFO  ExportHelperExtension.cs: 1125 - Retrieving features of type [CoordSys] from 8xm6x16Èû´òÂÝË¿-1
2025-07-21 09:34:07,213 INFO  ExportHelperExtension.cs: 1136 - Found 29 in 8xm6x16Èû´òÂÝË¿-1
2025-07-21 09:34:07,215 INFO  ExportHelperExtension.cs: 1145 - Found 0 features of type [CoordSys] in 8xm6x16Èû´òÂÝË¿-1
2025-07-21 09:34:07,215 INFO  ExportHelperExtension.cs: 1125 - Retrieving features of type [CoordSys] from InitiaWheel2-1
2025-07-21 09:34:07,215 INFO  ExportHelperExtension.cs: 1136 - Found 42 in InitiaWheel2-1
2025-07-21 09:34:07,216 INFO  ExportHelperExtension.cs: 1145 - Found 2 features of type [CoordSys] in InitiaWheel2-1
2025-07-21 09:34:07,216 INFO  ExportHelperExtension.cs: 1125 - Retrieving features of type [CoordSys] from ÕÇ½ôÌ×-1
2025-07-21 09:34:07,216 INFO  ExportHelperExtension.cs: 1136 - Found 27 in ÕÇ½ôÌ×-1
2025-07-21 09:34:07,216 INFO  ExportHelperExtension.cs: 1145 - Found 0 features of type [CoordSys] in ÕÇ½ôÌ×-1
2025-07-21 09:34:07,216 INFO  ExportHelperExtension.cs: 1125 - Retrieving features of type [CoordSys] from ×ßÏß-1
2025-07-21 09:34:07,216 INFO  ExportHelperExtension.cs: 1136 - Found 50 in ×ßÏß-1
2025-07-21 09:34:07,217 INFO  ExportHelperExtension.cs: 1145 - Found 0 features of type [CoordSys] in ×ßÏß-1
2025-07-21 09:34:07,217 INFO  ExportHelperExtension.cs: 1125 - Retrieving features of type [CoordSys] from íÀÂë-1
2025-07-21 09:34:07,217 INFO  ExportHelperExtension.cs: 1136 - Found 27 in íÀÂë-1
2025-07-21 09:34:07,217 INFO  ExportHelperExtension.cs: 1145 - Found 0 features of type [CoordSys] in íÀÂë-1
2025-07-21 09:34:07,217 INFO  ExportHelperExtension.cs: 1125 - Retrieving features of type [CoordSys] from robotmasterAÐÍ°å-1
2025-07-21 09:34:07,218 INFO  ExportHelperExtension.cs: 1136 - Found 77 in robotmasterAÐÍ°å-1
2025-07-21 09:34:07,218 INFO  ExportHelperExtension.cs: 1145 - Found 0 features of type [CoordSys] in robotmasterAÐÍ°å-1
2025-07-21 09:34:07,218 INFO  ExportHelperExtension.cs: 1125 - Retrieving features of type [CoordSys] from 11 ±àÂëÆ÷ IP54-BRT50-8mmÖá.stp-1
2025-07-21 09:34:07,218 INFO  ExportHelperExtension.cs: 1136 - Found 36 in 11 ±àÂëÆ÷ IP54-BRT50-8mmÖá.stp-1
2025-07-21 09:34:07,219 INFO  ExportHelperExtension.cs: 1145 - Found 0 features of type [CoordSys] in 11 ±àÂëÆ÷ IP54-BRT50-8mmÖá.stp-1
2025-07-21 09:34:07,219 INFO  ExportHelperExtension.cs: 1125 - Retrieving features of type [CoordSys] from µç³Ø-1
2025-07-21 09:34:07,219 INFO  ExportHelperExtension.cs: 1136 - Found 27 in µç³Ø-1
2025-07-21 09:34:07,219 INFO  ExportHelperExtension.cs: 1145 - Found 0 features of type [CoordSys] in µç³Ø-1
2025-07-21 09:34:07,219 INFO  ExportHelperExtension.cs: 1125 - Retrieving features of type [CoordSys] from µç³Ø¹Ì¶¨¼Ü1-1
2025-07-21 09:34:07,220 INFO  ExportHelperExtension.cs: 1136 - Found 50 in µç³Ø¹Ì¶¨¼Ü1-1
2025-07-21 09:34:07,220 INFO  ExportHelperExtension.cs: 1145 - Found 0 features of type [CoordSys] in µç³Ø¹Ì¶¨¼Ü1-1
2025-07-21 09:34:07,220 INFO  ExportHelperExtension.cs: 1125 - Retrieving features of type [CoordSys] from ÅäÖØ¿é¹Ì¶¨-1
2025-07-21 09:34:07,220 INFO  ExportHelperExtension.cs: 1136 - Found 29 in ÅäÖØ¿é¹Ì¶¨-1
2025-07-21 09:34:07,220 INFO  ExportHelperExtension.cs: 1145 - Found 0 features of type [CoordSys] in ÅäÖØ¿é¹Ì¶¨-1
2025-07-21 09:34:07,221 INFO  ExportHelperExtension.cs: 1125 - Retrieving features of type [CoordSys] from IMU-1
2025-07-21 09:34:07,221 INFO  ExportHelperExtension.cs: 1136 - Found 31 in IMU-1
2025-07-21 09:34:07,221 INFO  ExportHelperExtension.cs: 1145 - Found 0 features of type [CoordSys] in IMU-1
2025-07-21 09:34:07,221 INFO  ExportHelperExtension.cs: 1125 - Retrieving features of type [CoordSys] from Change_Over_Board(1).step-1
2025-07-21 09:34:07,221 INFO  ExportHelperExtension.cs: 1136 - Found 63 in Change_Over_Board(1).step-1
2025-07-21 09:34:07,222 INFO  ExportHelperExtension.cs: 1145 - Found 0 features of type [CoordSys] in Change_Over_Board(1).step-1
2025-07-21 09:34:07,222 INFO  ExportHelperExtension.cs: 1125 - Retrieving features of type [CoordSys] from 8-3030FÂÁÐÍ²Ä[8-3030F-S-OO-320]-1
2025-07-21 09:34:07,222 INFO  ExportHelperExtension.cs: 1136 - Found 31 in 8-3030FÂÁÐÍ²Ä[8-3030F-S-OO-320]-1
2025-07-21 09:34:07,222 INFO  ExportHelperExtension.cs: 1145 - Found 0 features of type [CoordSys] in 8-3030FÂÁÐÍ²Ä[8-3030F-S-OO-320]-1
2025-07-21 09:34:07,222 INFO  ExportHelperExtension.cs: 1125 - Retrieving features of type [CoordSys] from 10¶È¹Ì¶¨Á¬½Ó-1
2025-07-21 09:34:07,223 INFO  ExportHelperExtension.cs: 1136 - Found 43 in 10¶È¹Ì¶¨Á¬½Ó-1
2025-07-21 09:34:07,223 INFO  ExportHelperExtension.cs: 1145 - Found 0 features of type [CoordSys] in 10¶È¹Ì¶¨Á¬½Ó-1
2025-07-21 09:34:07,223 INFO  ExportHelperExtension.cs: 1125 - Retrieving features of type [CoordSys] from ³¤¶Èµ÷Õû¿é-1
2025-07-21 09:34:07,223 INFO  ExportHelperExtension.cs: 1136 - Found 33 in ³¤¶Èµ÷Õû¿é-1
2025-07-21 09:34:07,224 INFO  ExportHelperExtension.cs: 1145 - Found 0 features of type [CoordSys] in ³¤¶Èµ÷Õû¿é-1
2025-07-21 09:34:07,224 INFO  ExportHelperExtension.cs: 1125 - Retrieving features of type [CoordSys] from ×ù×Ó-1
2025-07-21 09:34:07,224 INFO  ExportHelperExtension.cs: 1136 - Found 52 in ×ù×Ó-1
2025-07-21 09:34:07,224 INFO  ExportHelperExtension.cs: 1145 - Found 0 features of type [CoordSys] in ×ù×Ó-1
2025-07-21 09:34:07,224 INFO  ExportHelperExtension.cs: 1125 - Retrieving features of type [CoordSys] from F628ZZ-3
2025-07-21 09:34:07,225 INFO  ExportHelperExtension.cs: 1136 - Found 29 in F628ZZ-3
2025-07-21 09:34:07,225 INFO  ExportHelperExtension.cs: 1145 - Found 0 features of type [CoordSys] in F628ZZ-3
2025-07-21 09:34:07,225 INFO  ExportHelperExtension.cs: 1125 - Retrieving features of type [CoordSys] from M6x12x1µæÆ¬-2
2025-07-21 09:34:07,225 INFO  ExportHelperExtension.cs: 1136 - Found 32 in M6x12x1µæÆ¬-2
2025-07-21 09:34:07,225 INFO  ExportHelperExtension.cs: 1145 - Found 0 features of type [CoordSys] in M6x12x1µæÆ¬-2
2025-07-21 09:34:07,225 INFO  ExportHelperExtension.cs: 1125 - Retrieving features of type [RefAxis] from wheel_urdf
2025-07-21 09:34:07,226 INFO  ExportHelperExtension.cs: 1136 - Found 114 in wheel_urdf
2025-07-21 09:34:07,226 INFO  ExportHelperExtension.cs: 1145 - Found 4 features of type [RefAxis] in wheel_urdf
2025-07-21 09:34:07,226 INFO  ExportHelperExtension.cs: 1148 - Proceeding through assembly components
2025-07-21 09:34:07,226 INFO  ExportHelperExtension.cs: 1160 - 22 components to check
2025-07-21 09:34:07,226 INFO  ExportHelperExtension.cs: 1125 - Retrieving features of type [RefAxis] from ³¤¶Èµ÷Õû¿é-2
2025-07-21 09:34:07,227 INFO  ExportHelperExtension.cs: 1136 - Found 33 in ³¤¶Èµ÷Õû¿é-2
2025-07-21 09:34:07,227 INFO  ExportHelperExtension.cs: 1145 - Found 0 features of type [RefAxis] in ³¤¶Èµ÷Õû¿é-2
2025-07-21 09:34:07,227 INFO  ExportHelperExtension.cs: 1125 - Retrieving features of type [RefAxis] from MF6010-3D.step-1
2025-07-21 09:34:07,227 INFO  ExportHelperExtension.cs: 1136 - Found 36 in MF6010-3D.step-1
2025-07-21 09:34:07,228 INFO  ExportHelperExtension.cs: 1145 - Found 0 features of type [RefAxis] in MF6010-3D.step-1
2025-07-21 09:34:07,228 INFO  ExportHelperExtension.cs: 1125 - Retrieving features of type [RefAxis] from Pane1-1
2025-07-21 09:34:07,228 INFO  ExportHelperExtension.cs: 1136 - Found 59 in Pane1-1
2025-07-21 09:34:07,228 INFO  ExportHelperExtension.cs: 1145 - Found 0 features of type [RefAxis] in Pane1-1
2025-07-21 09:34:07,228 INFO  ExportHelperExtension.cs: 1125 - Retrieving features of type [RefAxis] from ¹Ì¶¨×ù2-1
2025-07-21 09:34:07,229 INFO  ExportHelperExtension.cs: 1136 - Found 34 in ¹Ì¶¨×ù2-1
2025-07-21 09:34:07,229 INFO  ExportHelperExtension.cs: 1145 - Found 0 features of type [RefAxis] in ¹Ì¶¨×ù2-1
2025-07-21 09:34:07,229 INFO  ExportHelperExtension.cs: 1125 - Retrieving features of type [RefAxis] from 8xm6x16Èû´òÂÝË¿-1
2025-07-21 09:34:07,229 INFO  ExportHelperExtension.cs: 1136 - Found 29 in 8xm6x16Èû´òÂÝË¿-1
2025-07-21 09:34:07,229 INFO  ExportHelperExtension.cs: 1145 - Found 0 features of type [RefAxis] in 8xm6x16Èû´òÂÝË¿-1
2025-07-21 09:34:07,229 INFO  ExportHelperExtension.cs: 1125 - Retrieving features of type [RefAxis] from InitiaWheel2-1
2025-07-21 09:34:07,229 INFO  ExportHelperExtension.cs: 1136 - Found 42 in InitiaWheel2-1
2025-07-21 09:34:07,229 INFO  ExportHelperExtension.cs: 1145 - Found 3 features of type [RefAxis] in InitiaWheel2-1
2025-07-21 09:34:07,230 INFO  ExportHelperExtension.cs: 1125 - Retrieving features of type [RefAxis] from ÕÇ½ôÌ×-1
2025-07-21 09:34:07,230 INFO  ExportHelperExtension.cs: 1136 - Found 27 in ÕÇ½ôÌ×-1
2025-07-21 09:34:07,230 INFO  ExportHelperExtension.cs: 1145 - Found 0 features of type [RefAxis] in ÕÇ½ôÌ×-1
2025-07-21 09:34:07,230 INFO  ExportHelperExtension.cs: 1125 - Retrieving features of type [RefAxis] from ×ßÏß-1
2025-07-21 09:34:07,230 INFO  ExportHelperExtension.cs: 1136 - Found 50 in ×ßÏß-1
2025-07-21 09:34:07,231 INFO  ExportHelperExtension.cs: 1145 - Found 0 features of type [RefAxis] in ×ßÏß-1
2025-07-21 09:34:07,231 INFO  ExportHelperExtension.cs: 1125 - Retrieving features of type [RefAxis] from íÀÂë-1
2025-07-21 09:34:07,231 INFO  ExportHelperExtension.cs: 1136 - Found 27 in íÀÂë-1
2025-07-21 09:34:07,231 INFO  ExportHelperExtension.cs: 1145 - Found 0 features of type [RefAxis] in íÀÂë-1
2025-07-21 09:34:07,231 INFO  ExportHelperExtension.cs: 1125 - Retrieving features of type [RefAxis] from robotmasterAÐÍ°å-1
2025-07-21 09:34:07,231 INFO  ExportHelperExtension.cs: 1136 - Found 77 in robotmasterAÐÍ°å-1
2025-07-21 09:34:07,232 INFO  ExportHelperExtension.cs: 1145 - Found 0 features of type [RefAxis] in robotmasterAÐÍ°å-1
2025-07-21 09:34:07,232 INFO  ExportHelperExtension.cs: 1125 - Retrieving features of type [RefAxis] from 11 ±àÂëÆ÷ IP54-BRT50-8mmÖá.stp-1
2025-07-21 09:34:07,232 INFO  ExportHelperExtension.cs: 1136 - Found 36 in 11 ±àÂëÆ÷ IP54-BRT50-8mmÖá.stp-1
2025-07-21 09:34:07,232 INFO  ExportHelperExtension.cs: 1145 - Found 0 features of type [RefAxis] in 11 ±àÂëÆ÷ IP54-BRT50-8mmÖá.stp-1
2025-07-21 09:34:07,232 INFO  ExportHelperExtension.cs: 1125 - Retrieving features of type [RefAxis] from µç³Ø-1
2025-07-21 09:34:07,233 INFO  ExportHelperExtension.cs: 1136 - Found 27 in µç³Ø-1
2025-07-21 09:34:07,233 INFO  ExportHelperExtension.cs: 1145 - Found 0 features of type [RefAxis] in µç³Ø-1
2025-07-21 09:34:07,233 INFO  ExportHelperExtension.cs: 1125 - Retrieving features of type [RefAxis] from µç³Ø¹Ì¶¨¼Ü1-1
2025-07-21 09:34:07,233 INFO  ExportHelperExtension.cs: 1136 - Found 50 in µç³Ø¹Ì¶¨¼Ü1-1
2025-07-21 09:34:07,233 INFO  ExportHelperExtension.cs: 1145 - Found 0 features of type [RefAxis] in µç³Ø¹Ì¶¨¼Ü1-1
2025-07-21 09:34:07,234 INFO  ExportHelperExtension.cs: 1125 - Retrieving features of type [RefAxis] from ÅäÖØ¿é¹Ì¶¨-1
2025-07-21 09:34:07,234 INFO  ExportHelperExtension.cs: 1136 - Found 29 in ÅäÖØ¿é¹Ì¶¨-1
2025-07-21 09:34:07,234 INFO  ExportHelperExtension.cs: 1145 - Found 0 features of type [RefAxis] in ÅäÖØ¿é¹Ì¶¨-1
2025-07-21 09:34:07,234 INFO  ExportHelperExtension.cs: 1125 - Retrieving features of type [RefAxis] from IMU-1
2025-07-21 09:34:07,234 INFO  ExportHelperExtension.cs: 1136 - Found 31 in IMU-1
2025-07-21 09:34:07,235 INFO  ExportHelperExtension.cs: 1145 - Found 0 features of type [RefAxis] in IMU-1
2025-07-21 09:34:07,237 INFO  ExportHelperExtension.cs: 1125 - Retrieving features of type [RefAxis] from Change_Over_Board(1).step-1
2025-07-21 09:34:07,258 INFO  ExportHelperExtension.cs: 1136 - Found 63 in Change_Over_Board(1).step-1
2025-07-21 09:34:07,258 INFO  ExportHelperExtension.cs: 1145 - Found 0 features of type [RefAxis] in Change_Over_Board(1).step-1
2025-07-21 09:34:07,259 INFO  ExportHelperExtension.cs: 1125 - Retrieving features of type [RefAxis] from 8-3030FÂÁÐÍ²Ä[8-3030F-S-OO-320]-1
2025-07-21 09:34:07,259 INFO  ExportHelperExtension.cs: 1136 - Found 31 in 8-3030FÂÁÐÍ²Ä[8-3030F-S-OO-320]-1
2025-07-21 09:34:07,259 INFO  ExportHelperExtension.cs: 1145 - Found 0 features of type [RefAxis] in 8-3030FÂÁÐÍ²Ä[8-3030F-S-OO-320]-1
2025-07-21 09:34:07,260 INFO  ExportHelperExtension.cs: 1125 - Retrieving features of type [RefAxis] from 10¶È¹Ì¶¨Á¬½Ó-1
2025-07-21 09:34:07,260 INFO  ExportHelperExtension.cs: 1136 - Found 43 in 10¶È¹Ì¶¨Á¬½Ó-1
2025-07-21 09:34:07,260 INFO  ExportHelperExtension.cs: 1145 - Found 0 features of type [RefAxis] in 10¶È¹Ì¶¨Á¬½Ó-1
2025-07-21 09:34:07,261 INFO  ExportHelperExtension.cs: 1125 - Retrieving features of type [RefAxis] from ³¤¶Èµ÷Õû¿é-1
2025-07-21 09:34:07,261 INFO  ExportHelperExtension.cs: 1136 - Found 33 in ³¤¶Èµ÷Õû¿é-1
2025-07-21 09:34:07,261 INFO  ExportHelperExtension.cs: 1145 - Found 0 features of type [RefAxis] in ³¤¶Èµ÷Õû¿é-1
2025-07-21 09:34:07,261 INFO  ExportHelperExtension.cs: 1125 - Retrieving features of type [RefAxis] from ×ù×Ó-1
2025-07-21 09:34:07,262 INFO  ExportHelperExtension.cs: 1136 - Found 52 in ×ù×Ó-1
2025-07-21 09:34:07,262 INFO  ExportHelperExtension.cs: 1145 - Found 0 features of type [RefAxis] in ×ù×Ó-1
2025-07-21 09:34:07,262 INFO  ExportHelperExtension.cs: 1125 - Retrieving features of type [RefAxis] from F628ZZ-3
2025-07-21 09:34:07,263 INFO  ExportHelperExtension.cs: 1136 - Found 29 in F628ZZ-3
2025-07-21 09:34:07,263 INFO  ExportHelperExtension.cs: 1145 - Found 0 features of type [RefAxis] in F628ZZ-3
2025-07-21 09:34:07,263 INFO  ExportHelperExtension.cs: 1125 - Retrieving features of type [RefAxis] from M6x12x1µæÆ¬-2
2025-07-21 09:34:07,263 INFO  ExportHelperExtension.cs: 1136 - Found 32 in M6x12x1µæÆ¬-2
2025-07-21 09:34:07,264 INFO  ExportHelperExtension.cs: 1145 - Found 0 features of type [RefAxis] in M6x12x1µæÆ¬-2
2025-07-21 09:34:07,306 INFO  ExportPropertyManager.cs: 1142 - AfterClose called. This method no longer throws an Exception. It just silently does nothing. Ok, except for this logging message
2025-07-21 09:34:12,951 INFO  AssemblyExportForm.cs: 253 - Completing URDF export
2025-07-21 09:34:12,957 INFO  ConfigurationSerialization.cs: 276 - URDF Configuration found
<Link z:Id="i1" xmlns="http://schemas.datacontract.org/2004/07/SW2URDF" xmlns:i="http://www.w3.org/2001/XMLSchema-instance" xmlns:z="http://schemas.microsoft.com/2003/10/Serialization/"><Attributes><Attribute z:Id="i2"><AttributeType>name</AttributeType><IsRequired>true</IsRequired><Value i:type="a:string" xmlns:a="http://www.w3.org/2001/XMLSchema">base_link</Value></Attribute></Attributes><ChildElements><URDFElement z:Id="i3" i:type="Inertial"><Attributes/><ChildElements><URDFElement z:Id="i4" i:type="Origin"><Attributes><Attribute z:Id="i5"><AttributeType>xyz</AttributeType><IsRequired>true</IsRequired><Value i:type="a:ArrayOfdouble" xmlns:a="http://schemas.microsoft.com/2003/10/Serialization/Arrays"><a:double>-3.8995E-05</a:double><a:double>-3.8995E-05</a:double><a:double>0.085394</a:double></Value></Attribute><Attribute z:Id="i6"><AttributeType>rpy</AttributeType><IsRequired>true</IsRequired><Value i:type="a:ArrayOfdouble" xmlns:a="http://schemas.microsoft.com/2003/10/Serialization/Arrays"><a:double>0</a:double><a:double>0</a:double><a:double>0</a:double></Value></Attribute></Attributes><ChildElements/><ElementName>origin</ElementName><required>false</required><RPYAttribute z:Ref="i6"/><XYZAttribute z:Ref="i5"/><isCustomized>false</isCustomized></URDFElement><URDFElement z:Id="i7" i:type="Mass"><Attributes><Attribute z:Id="i8"><AttributeType>value</AttributeType><IsRequired>true</IsRequired><Value i:type="a:double" xmlns:a="http://www.w3.org/2001/XMLSchema">0.25668</Value></Attribute></Attributes><ChildElements/><ElementName>mass</ElementName><required>false</required><ValueAttribute z:Ref="i8"/></URDFElement><URDFElement z:Id="i9" i:type="Inertia"><Attributes><Attribute z:Id="i10"><AttributeType>ixx</AttributeType><IsRequired>true</IsRequired><Value i:type="a:double" xmlns:a="http://www.w3.org/2001/XMLSchema">0.0010715</Value></Attribute><Attribute z:Id="i11"><AttributeType>ixy</AttributeType><IsRequired>true</IsRequired><Value i:type="a:double" xmlns:a="http://www.w3.org/2001/XMLSchema">-2.2059E-13</Value></Attribute><Attribute z:Id="i12"><AttributeType>ixz</AttributeType><IsRequired>true</IsRequired><Value i:type="a:double" xmlns:a="http://www.w3.org/2001/XMLSchema">-7.2465E-13</Value></Attribute><Attribute z:Id="i13"><AttributeType>iyy</AttributeType><IsRequired>true</IsRequired><Value i:type="a:double" xmlns:a="http://www.w3.org/2001/XMLSchema">0.0010951</Value></Attribute><Attribute z:Id="i14"><AttributeType>iyz</AttributeType><IsRequired>true</IsRequired><Value i:type="a:double" xmlns:a="http://www.w3.org/2001/XMLSchema">1.8044E-13</Value></Attribute><Attribute z:Id="i15"><AttributeType>izz</AttributeType><IsRequired>true</IsRequired><Value i:type="a:double" xmlns:a="http://www.w3.org/2001/XMLSchema">0.00014309</Value></Attribute></Attributes><ChildElements/><ElementName>inertia</ElementName><required>false</required><IxxAttribute z:Ref="i10"/><IxyAttribute z:Ref="i11"/><IxzAttribute z:Ref="i12"/><IyyAttribute z:Ref="i13"/><IyzAttribute z:Ref="i14"/><IzzAttribute z:Ref="i15"/></URDFElement></ChildElements><ElementName>inertial</ElementName><required>false</required><Inertia z:Ref="i9"/><Mass z:Ref="i7"/><Origin z:Ref="i4"/></URDFElement><URDFElement z:Id="i16" i:type="Visual"><Attributes/><ChildElements><URDFElement z:Id="i17" i:type="Origin"><Attributes><Attribute z:Id="i18"><AttributeType>xyz</AttributeType><IsRequired>true</IsRequired><Value i:type="a:ArrayOfdouble" xmlns:a="http://schemas.microsoft.com/2003/10/Serialization/Arrays"><a:double>0</a:double><a:double>0</a:double><a:double>0</a:double></Value></Attribute><Attribute z:Id="i19"><AttributeType>rpy</AttributeType><IsRequired>true</IsRequired><Value i:type="a:ArrayOfdouble" xmlns:a="http://schemas.microsoft.com/2003/10/Serialization/Arrays"><a:double>0</a:double><a:double>0</a:double><a:double>0</a:double></Value></Attribute></Attributes><ChildElements/><ElementName>origin</ElementName><required>false</required><RPYAttribute z:Ref="i19"/><XYZAttribute z:Ref="i18"/><isCustomized>false</isCustomized></URDFElement><URDFElement z:Id="i20" i:type="Geometry"><Attributes/><ChildElements><URDFElement z:Id="i21" i:type="Mesh"><Attributes><Attribute z:Id="i22"><AttributeType>filename</AttributeType><IsRequired>true</IsRequired><Value i:nil="true"/></Attribute></Attributes><ChildElements/><ElementName>mesh</ElementName><required>false</required><FilenameAttribute z:Ref="i22"/></URDFElement></ChildElements><ElementName>geometry</ElementName><required>true</required><Mesh z:Ref="i21"/></URDFElement><URDFElement z:Id="i23" i:type="Material"><Attributes><Attribute z:Id="i24"><AttributeType>name</AttributeType><IsRequired>true</IsRequired><Value i:type="a:string" xmlns:a="http://www.w3.org/2001/XMLSchema"/></Attribute></Attributes><ChildElements><URDFElement z:Id="i25" i:type="Color"><Attributes><Attribute z:Id="i26"><AttributeType>rgba</AttributeType><IsRequired>true</IsRequired><Value i:type="a:ArrayOfdouble" xmlns:a="http://schemas.microsoft.com/2003/10/Serialization/Arrays"><a:double>1</a:double><a:double>1</a:double><a:double>1</a:double><a:double>1</a:double></Value></Attribute></Attributes><ChildElements/><ElementName>color</ElementName><required>false</required><RGBAAttribute z:Ref="i26"/></URDFElement><URDFElement z:Id="i27" i:type="Texture"><Attributes><Attribute z:Id="i28"><AttributeType>filename</AttributeType><IsRequired>true</IsRequired><Value i:nil="true"/></Attribute></Attributes><ChildElements/><ElementName>texture</ElementName><required>false</required><FilenameAttribute z:Ref="i28"/><wFilename/></URDFElement></ChildElements><ElementName>material</ElementName><required>false</required><Color z:Ref="i25"/><NameAttribute z:Ref="i24"/><Texture z:Ref="i27"/></URDFElement></ChildElements><ElementName>visual</ElementName><required>false</required><Geometry z:Ref="i20"/><Material z:Ref="i23"/><Origin z:Ref="i17"/></URDFElement><URDFElement z:Id="i29" i:type="Collision"><Attributes/><ChildElements><URDFElement z:Id="i30" i:type="Origin"><Attributes><Attribute z:Id="i31"><AttributeType>xyz</AttributeType><IsRequired>true</IsRequired><Value i:type="a:ArrayOfdouble" xmlns:a="http://schemas.microsoft.com/2003/10/Serialization/Arrays"><a:double>0</a:double><a:double>0</a:double><a:double>0</a:double></Value></Attribute><Attribute z:Id="i32"><AttributeType>rpy</AttributeType><IsRequired>true</IsRequired><Value i:type="a:ArrayOfdouble" xmlns:a="http://schemas.microsoft.com/2003/10/Serialization/Arrays"><a:double>0</a:double><a:double>0</a:double><a:double>0</a:double></Value></Attribute></Attributes><ChildElements/><ElementName>origin</ElementName><required>false</required><RPYAttribute z:Ref="i32"/><XYZAttribute z:Ref="i31"/><isCustomized>false</isCustomized></URDFElement><URDFElement z:Id="i33" i:type="Geometry"><Attributes/><ChildElements><URDFElement z:Id="i34" i:type="Mesh"><Attributes><Attribute z:Id="i35"><AttributeType>filename</AttributeType><IsRequired>true</IsRequired><Value i:nil="true"/></Attribute></Attributes><ChildElements/><ElementName>mesh</ElementName><required>false</required><FilenameAttribute z:Ref="i35"/></URDFElement></ChildElements><ElementName>geometry</ElementName><required>true</required><Mesh z:Ref="i34"/></URDFElement></ChildElements><ElementName>collision</ElementName><required>false</required><Geometry z:Ref="i33"/><Origin z:Ref="i30"/></URDFElement><URDFElement z:Id="i36" i:type="Joint"><Attributes><Attribute z:Id="i37"><AttributeType>name</AttributeType><IsRequired>true</IsRequired><Value i:type="a:string" xmlns:a="http://www.w3.org/2001/XMLSchema"/></Attribute><Attribute z:Id="i38"><AttributeType>type</AttributeType><IsRequired>true</IsRequired><Value i:type="a:string" xmlns:a="http://www.w3.org/2001/XMLSchema"/></Attribute></Attributes><ChildElements><URDFElement z:Id="i39" i:type="Origin"><Attributes><Attribute z:Id="i40"><AttributeType>xyz</AttributeType><IsRequired>true</IsRequired><Value i:type="a:ArrayOfdouble" xmlns:a="http://schemas.microsoft.com/2003/10/Serialization/Arrays"><a:double>0</a:double><a:double>0</a:double><a:double>0</a:double></Value></Attribute><Attribute z:Id="i41"><AttributeType>rpy</AttributeType><IsRequired>true</IsRequired><Value i:type="a:ArrayOfdouble" xmlns:a="http://schemas.microsoft.com/2003/10/Serialization/Arrays"><a:double>0</a:double><a:double>0</a:double><a:double>0</a:double></Value></Attribute></Attributes><ChildElements/><ElementName>origin</ElementName><required>false</required><RPYAttribute z:Ref="i41"/><XYZAttribute z:Ref="i40"/><isCustomized>false</isCustomized></URDFElement><URDFElement z:Id="i42" i:type="ParentLink"><Attributes><Attribute z:Id="i43"><AttributeType>link</AttributeType><IsRequired>true</IsRequired><Value i:type="a:string" xmlns:a="http://www.w3.org/2001/XMLSchema"/></Attribute></Attributes><ChildElements/><ElementName>parent</ElementName><required>true</required><NameAttribute z:Ref="i43"/></URDFElement><URDFElement z:Id="i44" i:type="ChildLink"><Attributes><Attribute z:Id="i45"><AttributeType>link</AttributeType><IsRequired>true</IsRequired><Value i:type="a:string" xmlns:a="http://www.w3.org/2001/XMLSchema"/></Attribute></Attributes><ChildElements/><ElementName>child</ElementName><required>true</required><NameAttribute z:Ref="i45"/></URDFElement><URDFElement z:Id="i46" i:type="Axis"><Attributes><Attribute z:Id="i47"><AttributeType>xyz</AttributeType><IsRequired>true</IsRequired><Value i:type="a:ArrayOfdouble" xmlns:a="http://schemas.microsoft.com/2003/10/Serialization/Arrays"><a:double>0</a:double><a:double>0</a:double><a:double>0</a:double></Value></Attribute></Attributes><ChildElements/><ElementName>axis</ElementName><required>false</required><XYZAttribute z:Ref="i47"/></URDFElement><URDFElement z:Id="i48" i:type="Limit"><Attributes><Attribute z:Id="i49"><AttributeType>lower</AttributeType><IsRequired>false</IsRequired><Value i:nil="true"/></Attribute><Attribute z:Id="i50"><AttributeType>upper</AttributeType><IsRequired>false</IsRequired><Value i:nil="true"/></Attribute><Attribute z:Id="i51"><AttributeType>effort</AttributeType><IsRequired>true</IsRequired><Value i:nil="true"/></Attribute><Attribute z:Id="i52"><AttributeType>velocity</AttributeType><IsRequired>true</IsRequired><Value i:nil="true"/></Attribute></Attributes><ChildElements/><ElementName>limit</ElementName><required>false</required><EffortAttribute z:Ref="i51"/><LowerAttribute z:Ref="i49"/><UpperAttribute z:Ref="i50"/><VelocityAttribute z:Ref="i52"/></URDFElement><URDFElement z:Id="i53" i:type="Calibration"><Attributes><Attribute z:Id="i54"><AttributeType>rising</AttributeType><IsRequired>false</IsRequired><Value i:nil="true"/></Attribute><Attribute z:Id="i55"><AttributeType>falling</AttributeType><IsRequired>false</IsRequired><Value i:nil="true"/></Attribute></Attributes><ChildElements/><ElementName>calibration</ElementName><required>false</required><FallingAttribute z:Ref="i55"/><RisingAttribute z:Ref="i54"/></URDFElement><URDFElement z:Id="i56" i:type="Dynamics"><Attributes><Attribute z:Id="i57"><AttributeType>damping</AttributeType><IsRequired>false</IsRequired><Value i:nil="true"/></Attribute><Attribute z:Id="i58"><AttributeType>friction</AttributeType><IsRequired>false</IsRequired><Value i:nil="true"/></Attribute></Attributes><ChildElements/><ElementName>dynamics</ElementName><required>false</required><DampingAttribute z:Ref="i57"/><FrictionAttribute z:Ref="i58"/></URDFElement><URDFElement z:Id="i59" i:type="SafetyController"><Attributes><Attribute z:Id="i60"><AttributeType>soft_upper_limit</AttributeType><IsRequired>false</IsRequired><Value i:nil="true"/></Attribute><Attribute z:Id="i61"><AttributeType>soft_lower_limit</AttributeType><IsRequired>false</IsRequired><Value i:nil="true"/></Attribute><Attribute z:Id="i62"><AttributeType>k_position</AttributeType><IsRequired>false</IsRequired><Value i:nil="true"/></Attribute><Attribute z:Id="i63"><AttributeType>k_velocity</AttributeType><IsRequired>true</IsRequired><Value i:nil="true"/></Attribute></Attributes><ChildElements/><ElementName>safety_controller</ElementName><required>false</required><KPositionAttribute z:Ref="i62"/><KVelocityAttribute z:Ref="i63"/><SoftLowerAttribute z:Ref="i61"/><SoftUpperAttribute z:Ref="i60"/></URDFElement><URDFElement z:Id="i64" i:type="Mimic"><Attributes><Attribute z:Id="i65"><AttributeType>joint</AttributeType><IsRequired>true</IsRequired><Value i:nil="true"/></Attribute><Attribute z:Id="i66"><AttributeType>multiplier</AttributeType><IsRequired>false</IsRequired><Value i:nil="true"/></Attribute><Attribute z:Id="i67"><AttributeType>offset</AttributeType><IsRequired>false</IsRequired><Value i:nil="true"/></Attribute></Attributes><ChildElements/><ElementName>mimic</ElementName><required>false</required><JointNameAttribute z:Ref="i65"/><MultiplierAttribute z:Ref="i66"/><OffsetAttribute z:Ref="i67"/></URDFElement></ChildElements><ElementName>joint</ElementName><required>false</required><Axis z:Ref="i46"/><AxisName/><Calibration z:Ref="i53"/><Child z:Ref="i44"/><CoordinateSystemName>base_axis</CoordinateSystemName><Dynamics z:Ref="i56"/><Limit z:Ref="i48"/><Mimic z:Ref="i64"/><NameAttribute z:Ref="i37"/><Origin z:Ref="i39"/><Parent z:Ref="i42"/><Safety z:Ref="i59"/><TypeAttribute z:Ref="i38"/></URDFElement></ChildElements><ElementName>link</ElementName><required>true</required><Children><Link z:Id="i68"><Attributes><Attribute z:Id="i69"><AttributeType>name</AttributeType><IsRequired>true</IsRequired><Value i:type="a:string" xmlns:a="http://www.w3.org/2001/XMLSchema">link1</Value></Attribute></Attributes><ChildElements><URDFElement z:Id="i70" i:type="Inertial"><Attributes/><ChildElements><URDFElement z:Id="i71" i:type="Origin"><Attributes><Attribute z:Id="i72"><AttributeType>xyz</AttributeType><IsRequired>true</IsRequired><Value i:type="a:ArrayOfdouble" xmlns:a="http://schemas.microsoft.com/2003/10/Serialization/Arrays"><a:double>7.2056E-15</a:double><a:double>0.0091204</a:double><a:double>0.02887</a:double></Value></Attribute><Attribute z:Id="i73"><AttributeType>rpy</AttributeType><IsRequired>true</IsRequired><Value i:type="a:ArrayOfdouble" xmlns:a="http://schemas.microsoft.com/2003/10/Serialization/Arrays"><a:double>0</a:double><a:double>0</a:double><a:double>0</a:double></Value></Attribute></Attributes><ChildElements/><ElementName>origin</ElementName><required>false</required><RPYAttribute z:Ref="i73"/><XYZAttribute z:Ref="i72"/><isCustomized>false</isCustomized></URDFElement><URDFElement z:Id="i74" i:type="Mass"><Attributes><Attribute z:Id="i75"><AttributeType>value</AttributeType><IsRequired>true</IsRequired><Value i:type="a:double" xmlns:a="http://www.w3.org/2001/XMLSchema">0.038469</Value></Attribute></Attributes><ChildElements/><ElementName>mass</ElementName><required>false</required><ValueAttribute z:Ref="i75"/></URDFElement><URDFElement z:Id="i76" i:type="Inertia"><Attributes><Attribute z:Id="i77"><AttributeType>ixx</AttributeType><IsRequired>true</IsRequired><Value i:type="a:double" xmlns:a="http://www.w3.org/2001/XMLSchema">1.3425E-05</Value></Attribute><Attribute z:Id="i78"><AttributeType>ixy</AttributeType><IsRequired>true</IsRequired><Value i:type="a:double" xmlns:a="http://www.w3.org/2001/XMLSchema">2.4633E-18</Value></Attribute><Attribute z:Id="i79"><AttributeType>ixz</AttributeType><IsRequired>true</IsRequired><Value i:type="a:double" xmlns:a="http://www.w3.org/2001/XMLSchema">8.8776E-22</Value></Attribute><Attribute z:Id="i80"><AttributeType>iyy</AttributeType><IsRequired>true</IsRequired><Value i:type="a:double" xmlns:a="http://www.w3.org/2001/XMLSchema">5.2069E-06</Value></Attribute><Attribute z:Id="i81"><AttributeType>iyz</AttributeType><IsRequired>true</IsRequired><Value i:type="a:double" xmlns:a="http://www.w3.org/2001/XMLSchema">-8.8773E-22</Value></Attribute><Attribute z:Id="i82"><AttributeType>izz</AttributeType><IsRequired>true</IsRequired><Value i:type="a:double" xmlns:a="http://www.w3.org/2001/XMLSchema">1.6547E-05</Value></Attribute></Attributes><ChildElements/><ElementName>inertia</ElementName><required>false</required><IxxAttribute z:Ref="i77"/><IxyAttribute z:Ref="i78"/><IxzAttribute z:Ref="i79"/><IyyAttribute z:Ref="i80"/><IyzAttribute z:Ref="i81"/><IzzAttribute z:Ref="i82"/></URDFElement></ChildElements><ElementName>inertial</ElementName><required>false</required><Inertia z:Ref="i76"/><Mass z:Ref="i74"/><Origin z:Ref="i71"/></URDFElement><URDFElement z:Id="i83" i:type="Visual"><Attributes/><ChildElements><URDFElement z:Id="i84" i:type="Origin"><Attributes><Attribute z:Id="i85"><AttributeType>xyz</AttributeType><IsRequired>true</IsRequired><Value i:type="a:ArrayOfdouble" xmlns:a="http://schemas.microsoft.com/2003/10/Serialization/Arrays"><a:double>0</a:double><a:double>0</a:double><a:double>0</a:double></Value></Attribute><Attribute z:Id="i86"><AttributeType>rpy</AttributeType><IsRequired>true</IsRequired><Value i:type="a:ArrayOfdouble" xmlns:a="http://schemas.microsoft.com/2003/10/Serialization/Arrays"><a:double>0</a:double><a:double>0</a:double><a:double>0</a:double></Value></Attribute></Attributes><ChildElements/><ElementName>origin</ElementName><required>false</required><RPYAttribute z:Ref="i86"/><XYZAttribute z:Ref="i85"/><isCustomized>false</isCustomized></URDFElement><URDFElement z:Id="i87" i:type="Geometry"><Attributes/><ChildElements><URDFElement z:Id="i88" i:type="Mesh"><Attributes><Attribute z:Id="i89"><AttributeType>filename</AttributeType><IsRequired>true</IsRequired><Value i:nil="true"/></Attribute></Attributes><ChildElements/><ElementName>mesh</ElementName><required>false</required><FilenameAttribute z:Ref="i89"/></URDFElement></ChildElements><ElementName>geometry</ElementName><required>true</required><Mesh z:Ref="i88"/></URDFElement><URDFElement z:Id="i90" i:type="Material"><Attributes><Attribute z:Id="i91"><AttributeType>name</AttributeType><IsRequired>true</IsRequired><Value i:type="a:string" xmlns:a="http://www.w3.org/2001/XMLSchema"/></Attribute></Attributes><ChildElements><URDFElement z:Id="i92" i:type="Color"><Attributes><Attribute z:Id="i93"><AttributeType>rgba</AttributeType><IsRequired>true</IsRequired><Value i:type="a:ArrayOfdouble" xmlns:a="http://schemas.microsoft.com/2003/10/Serialization/Arrays"><a:double>1</a:double><a:double>1</a:double><a:double>1</a:double><a:double>1</a:double></Value></Attribute></Attributes><ChildElements/><ElementName>color</ElementName><required>false</required><RGBAAttribute z:Ref="i93"/></URDFElement><URDFElement z:Id="i94" i:type="Texture"><Attributes><Attribute z:Id="i95"><AttributeType>filename</AttributeType><IsRequired>true</IsRequired><Value i:nil="true"/></Attribute></Attributes><ChildElements/><ElementName>texture</ElementName><required>false</required><FilenameAttribute z:Ref="i95"/><wFilename/></URDFElement></ChildElements><ElementName>material</ElementName><required>false</required><Color z:Ref="i92"/><NameAttribute z:Ref="i91"/><Texture z:Ref="i94"/></URDFElement></ChildElements><ElementName>visual</ElementName><required>false</required><Geometry z:Ref="i87"/><Material z:Ref="i90"/><Origin z:Ref="i84"/></URDFElement><URDFElement z:Id="i96" i:type="Collision"><Attributes/><ChildElements><URDFElement z:Id="i97" i:type="Origin"><Attributes><Attribute z:Id="i98"><AttributeType>xyz</AttributeType><IsRequired>true</IsRequired><Value i:type="a:ArrayOfdouble" xmlns:a="http://schemas.microsoft.com/2003/10/Serialization/Arrays"><a:double>0</a:double><a:double>0</a:double><a:double>0</a:double></Value></Attribute><Attribute z:Id="i99"><AttributeType>rpy</AttributeType><IsRequired>true</IsRequired><Value i:type="a:ArrayOfdouble" xmlns:a="http://schemas.microsoft.com/2003/10/Serialization/Arrays"><a:double>0</a:double><a:double>0</a:double><a:double>0</a:double></Value></Attribute></Attributes><ChildElements/><ElementName>origin</ElementName><required>false</required><RPYAttribute z:Ref="i99"/><XYZAttribute z:Ref="i98"/><isCustomized>false</isCustomized></URDFElement><URDFElement z:Id="i100" i:type="Geometry"><Attributes/><ChildElements><URDFElement z:Id="i101" i:type="Mesh"><Attributes><Attribute z:Id="i102"><AttributeType>filename</AttributeType><IsRequired>true</IsRequired><Value i:nil="true"/></Attribute></Attributes><ChildElements/><ElementName>mesh</ElementName><required>false</required><FilenameAttribute z:Ref="i102"/></URDFElement></ChildElements><ElementName>geometry</ElementName><required>true</required><Mesh z:Ref="i101"/></URDFElement></ChildElements><ElementName>collision</ElementName><required>false</required><Geometry z:Ref="i100"/><Origin z:Ref="i97"/></URDFElement><URDFElement z:Id="i103" i:type="Joint"><Attributes><Attribute z:Id="i104"><AttributeType>name</AttributeType><IsRequired>true</IsRequired><Value i:type="a:string" xmlns:a="http://www.w3.org/2001/XMLSchema">joint1</Value></Attribute><Attribute z:Id="i105"><AttributeType>type</AttributeType><IsRequired>true</IsRequired><Value i:type="a:string" xmlns:a="http://www.w3.org/2001/XMLSchema">continuous</Value></Attribute></Attributes><ChildElements><URDFElement z:Id="i106" i:type="Origin"><Attributes><Attribute z:Id="i107"><AttributeType>xyz</AttributeType><IsRequired>true</IsRequired><Value i:type="a:ArrayOfdouble" xmlns:a="http://schemas.microsoft.com/2003/10/Serialization/Arrays"><a:double>-0.00010002</a:double><a:double>-0.00010002</a:double><a:double>0.3168</a:double></Value></Attribute><Attribute z:Id="i108"><AttributeType>rpy</AttributeType><IsRequired>true</IsRequired><Value i:type="a:ArrayOfdouble" xmlns:a="http://schemas.microsoft.com/2003/10/Serialization/Arrays"><a:double>0</a:double><a:double>0</a:double><a:double>0</a:double></Value></Attribute></Attributes><ChildElements/><ElementName>origin</ElementName><required>false</required><RPYAttribute z:Ref="i108"/><XYZAttribute z:Ref="i107"/><isCustomized>false</isCustomized></URDFElement><URDFElement z:Id="i109" i:type="ParentLink"><Attributes><Attribute z:Id="i110"><AttributeType>link</AttributeType><IsRequired>true</IsRequired><Value i:type="a:string" xmlns:a="http://www.w3.org/2001/XMLSchema">base_link</Value></Attribute></Attributes><ChildElements/><ElementName>parent</ElementName><required>true</required><NameAttribute z:Ref="i110"/></URDFElement><URDFElement z:Id="i111" i:type="ChildLink"><Attributes><Attribute z:Id="i112"><AttributeType>link</AttributeType><IsRequired>true</IsRequired><Value i:type="a:string" xmlns:a="http://www.w3.org/2001/XMLSchema">link1</Value></Attribute></Attributes><ChildElements/><ElementName>child</ElementName><required>true</required><NameAttribute z:Ref="i112"/></URDFElement><URDFElement z:Id="i113" i:type="Axis"><Attributes><Attribute z:Id="i114"><AttributeType>xyz</AttributeType><IsRequired>true</IsRequired><Value i:type="a:ArrayOfdouble" xmlns:a="http://schemas.microsoft.com/2003/10/Serialization/Arrays"><a:double>0</a:double><a:double>0</a:double><a:double>1</a:double></Value></Attribute></Attributes><ChildElements/><ElementName>axis</ElementName><required>false</required><XYZAttribute z:Ref="i114"/></URDFElement><URDFElement z:Id="i115" i:type="Limit"><Attributes><Attribute z:Id="i116"><AttributeType>lower</AttributeType><IsRequired>false</IsRequired><Value i:nil="true"/></Attribute><Attribute z:Id="i117"><AttributeType>upper</AttributeType><IsRequired>false</IsRequired><Value i:nil="true"/></Attribute><Attribute z:Id="i118"><AttributeType>effort</AttributeType><IsRequired>true</IsRequired><Value i:nil="true"/></Attribute><Attribute z:Id="i119"><AttributeType>velocity</AttributeType><IsRequired>true</IsRequired><Value i:nil="true"/></Attribute></Attributes><ChildElements/><ElementName>limit</ElementName><required>false</required><EffortAttribute z:Ref="i118"/><LowerAttribute z:Ref="i116"/><UpperAttribute z:Ref="i117"/><VelocityAttribute z:Ref="i119"/></URDFElement><URDFElement z:Id="i120" i:type="Calibration"><Attributes><Attribute z:Id="i121"><AttributeType>rising</AttributeType><IsRequired>false</IsRequired><Value i:nil="true"/></Attribute><Attribute z:Id="i122"><AttributeType>falling</AttributeType><IsRequired>false</IsRequired><Value i:nil="true"/></Attribute></Attributes><ChildElements/><ElementName>calibration</ElementName><required>false</required><FallingAttribute z:Ref="i122"/><RisingAttribute z:Ref="i121"/></URDFElement><URDFElement z:Id="i123" i:type="Dynamics"><Attributes><Attribute z:Id="i124"><AttributeType>damping</AttributeType><IsRequired>false</IsRequired><Value i:nil="true"/></Attribute><Attribute z:Id="i125"><AttributeType>friction</AttributeType><IsRequired>false</IsRequired><Value i:nil="true"/></Attribute></Attributes><ChildElements/><ElementName>dynamics</ElementName><required>false</required><DampingAttribute z:Ref="i124"/><FrictionAttribute z:Ref="i125"/></URDFElement><URDFElement z:Id="i126" i:type="SafetyController"><Attributes><Attribute z:Id="i127"><AttributeType>soft_upper_limit</AttributeType><IsRequired>false</IsRequired><Value i:nil="true"/></Attribute><Attribute z:Id="i128"><AttributeType>soft_lower_limit</AttributeType><IsRequired>false</IsRequired><Value i:nil="true"/></Attribute><Attribute z:Id="i129"><AttributeType>k_position</AttributeType><IsRequired>false</IsRequired><Value i:nil="true"/></Attribute><Attribute z:Id="i130"><AttributeType>k_velocity</AttributeType><IsRequired>true</IsRequired><Value i:nil="true"/></Attribute></Attributes><ChildElements/><ElementName>safety_controller</ElementName><required>false</required><KPositionAttribute z:Ref="i129"/><KVelocityAttribute z:Ref="i130"/><SoftLowerAttribute z:Ref="i128"/><SoftUpperAttribute z:Ref="i127"/></URDFElement><URDFElement z:Id="i131" i:type="Mimic"><Attributes><Attribute z:Id="i132"><AttributeType>joint</AttributeType><IsRequired>true</IsRequired><Value i:nil="true"/></Attribute><Attribute z:Id="i133"><AttributeType>multiplier</AttributeType><IsRequired>false</IsRequired><Value i:nil="true"/></Attribute><Attribute z:Id="i134"><AttributeType>offset</AttributeType><IsRequired>false</IsRequired><Value i:nil="true"/></Attribute></Attributes><ChildElements/><ElementName>mimic</ElementName><required>false</required><JointNameAttribute z:Ref="i132"/><MultiplierAttribute z:Ref="i133"/><OffsetAttribute z:Ref="i134"/></URDFElement></ChildElements><ElementName>joint</ElementName><required>false</required><Axis z:Ref="i113"/><AxisName>line1</AxisName><Calibration z:Ref="i120"/><Child z:Ref="i111"/><CoordinateSystemName>axis1</CoordinateSystemName><Dynamics z:Ref="i123"/><Limit z:Ref="i115"/><Mimic z:Ref="i131"/><NameAttribute z:Ref="i104"/><Origin z:Ref="i106"/><Parent z:Ref="i109"/><Safety z:Ref="i126"/><TypeAttribute z:Ref="i105"/></URDFElement></ChildElements><ElementName>link</ElementName><required>true</required><Children><Link z:Id="i135"><Attributes><Attribute z:Id="i136"><AttributeType>name</AttributeType><IsRequired>true</IsRequired><Value i:type="a:string" xmlns:a="http://www.w3.org/2001/XMLSchema">link2</Value></Attribute></Attributes><ChildElements><URDFElement z:Id="i137" i:type="Inertial"><Attributes/><ChildElements><URDFElement z:Id="i138" i:type="Origin"><Attributes><Attribute z:Id="i139"><AttributeType>xyz</AttributeType><IsRequired>true</IsRequired><Value i:type="a:ArrayOfdouble" xmlns:a="http://schemas.microsoft.com/2003/10/Serialization/Arrays"><a:double>-0.00042445685390584049</a:double><a:double>0.035898481261201341</a:double><a:double>0.035021106286064078</a:double></Value></Attribute><Attribute z:Id="i140"><AttributeType>rpy</AttributeType><IsRequired>true</IsRequired><Value i:type="a:ArrayOfdouble" xmlns:a="http://schemas.microsoft.com/2003/10/Serialization/Arrays"><a:double>0</a:double><a:double>0</a:double><a:double>0</a:double></Value></Attribute></Attributes><ChildElements/><ElementName>origin</ElementName><required>false</required><RPYAttribute z:Ref="i140"/><XYZAttribute z:Ref="i139"/><isCustomized>false</isCustomized></URDFElement><URDFElement z:Id="i141" i:type="Mass"><Attributes><Attribute z:Id="i142"><AttributeType>value</AttributeType><IsRequired>true</IsRequired><Value i:type="a:double" xmlns:a="http://www.w3.org/2001/XMLSchema">0.58850286648921857</Value></Attribute></Attributes><ChildElements/><ElementName>mass</ElementName><required>false</required><ValueAttribute z:Ref="i142"/></URDFElement><URDFElement z:Id="i143" i:type="Inertia"><Attributes><Attribute z:Id="i144"><AttributeType>ixx</AttributeType><IsRequired>true</IsRequired><Value i:type="a:double" xmlns:a="http://www.w3.org/2001/XMLSchema">0.00086833534044474837</Value></Attribute><Attribute z:Id="i145"><AttributeType>ixy</AttributeType><IsRequired>true</IsRequired><Value i:type="a:double" xmlns:a="http://www.w3.org/2001/XMLSchema">3.4780582771063893E-07</Value></Attribute><Attribute z:Id="i146"><AttributeType>ixz</AttributeType><IsRequired>true</IsRequired><Value i:type="a:double" xmlns:a="http://www.w3.org/2001/XMLSchema">1.4988534633887692E-07</Value></Attribute><Attribute z:Id="i147"><AttributeType>iyy</AttributeType><IsRequired>true</IsRequired><Value i:type="a:double" xmlns:a="http://www.w3.org/2001/XMLSchema">0.001011295333848626</Value></Attribute><Attribute z:Id="i148"><AttributeType>iyz</AttributeType><IsRequired>true</IsRequired><Value i:type="a:double" xmlns:a="http://www.w3.org/2001/XMLSchema">-4.7997732675068085E-06</Value></Attribute><Attribute z:Id="i149"><AttributeType>izz</AttributeType><IsRequired>true</IsRequired><Value i:type="a:double" xmlns:a="http://www.w3.org/2001/XMLSchema">0.00022181611922713861</Value></Attribute></Attributes><ChildElements/><ElementName>inertia</ElementName><required>false</required><IxxAttribute z:Ref="i144"/><IxyAttribute z:Ref="i145"/><IxzAttribute z:Ref="i146"/><IyyAttribute z:Ref="i147"/><IyzAttribute z:Ref="i148"/><IzzAttribute z:Ref="i149"/></URDFElement></ChildElements><ElementName>inertial</ElementName><required>false</required><Inertia z:Ref="i143"/><Mass z:Ref="i141"/><Origin z:Ref="i138"/></URDFElement><URDFElement z:Id="i150" i:type="Visual"><Attributes/><ChildElements><URDFElement z:Id="i151" i:type="Origin"><Attributes><Attribute z:Id="i152"><AttributeType>xyz</AttributeType><IsRequired>true</IsRequired><Value i:type="a:ArrayOfdouble" xmlns:a="http://schemas.microsoft.com/2003/10/Serialization/Arrays"><a:double>0</a:double><a:double>0</a:double><a:double>0</a:double></Value></Attribute><Attribute z:Id="i153"><AttributeType>rpy</AttributeType><IsRequired>true</IsRequired><Value i:type="a:ArrayOfdouble" xmlns:a="http://schemas.microsoft.com/2003/10/Serialization/Arrays"><a:double>0</a:double><a:double>0</a:double><a:double>0</a:double></Value></Attribute></Attributes><ChildElements/><ElementName>origin</ElementName><required>false</required><RPYAttribute z:Ref="i153"/><XYZAttribute z:Ref="i152"/><isCustomized>false</isCustomized></URDFElement><URDFElement z:Id="i154" i:type="Geometry"><Attributes/><ChildElements><URDFElement z:Id="i155" i:type="Mesh"><Attributes><Attribute z:Id="i156"><AttributeType>filename</AttributeType><IsRequired>true</IsRequired><Value i:nil="true"/></Attribute></Attributes><ChildElements/><ElementName>mesh</ElementName><required>false</required><FilenameAttribute z:Ref="i156"/></URDFElement></ChildElements><ElementName>geometry</ElementName><required>true</required><Mesh z:Ref="i155"/></URDFElement><URDFElement z:Id="i157" i:type="Material"><Attributes><Attribute z:Id="i158"><AttributeType>name</AttributeType><IsRequired>true</IsRequired><Value i:type="a:string" xmlns:a="http://www.w3.org/2001/XMLSchema"/></Attribute></Attributes><ChildElements><URDFElement z:Id="i159" i:type="Color"><Attributes><Attribute z:Id="i160"><AttributeType>rgba</AttributeType><IsRequired>true</IsRequired><Value i:type="a:ArrayOfdouble" xmlns:a="http://schemas.microsoft.com/2003/10/Serialization/Arrays"><a:double>0.592156862745098</a:double><a:double>0.66666666666666663</a:double><a:double>0.68235294117647061</a:double><a:double>1</a:double></Value></Attribute></Attributes><ChildElements/><ElementName>color</ElementName><required>false</required><RGBAAttribute z:Ref="i160"/></URDFElement><URDFElement z:Id="i161" i:type="Texture"><Attributes><Attribute z:Id="i162"><AttributeType>filename</AttributeType><IsRequired>true</IsRequired><Value i:nil="true"/></Attribute></Attributes><ChildElements/><ElementName>texture</ElementName><required>false</required><FilenameAttribute z:Ref="i162"/><wFilename/></URDFElement></ChildElements><ElementName>material</ElementName><required>false</required><Color z:Ref="i159"/><NameAttribute z:Ref="i158"/><Texture z:Ref="i161"/></URDFElement></ChildElements><ElementName>visual</ElementName><required>false</required><Geometry z:Ref="i154"/><Material z:Ref="i157"/><Origin z:Ref="i151"/></URDFElement><URDFElement z:Id="i163" i:type="Collision"><Attributes/><ChildElements><URDFElement z:Id="i164" i:type="Origin"><Attributes><Attribute z:Id="i165"><AttributeType>xyz</AttributeType><IsRequired>true</IsRequired><Value i:type="a:ArrayOfdouble" xmlns:a="http://schemas.microsoft.com/2003/10/Serialization/Arrays"><a:double>0</a:double><a:double>0</a:double><a:double>0</a:double></Value></Attribute><Attribute z:Id="i166"><AttributeType>rpy</AttributeType><IsRequired>true</IsRequired><Value i:type="a:ArrayOfdouble" xmlns:a="http://schemas.microsoft.com/2003/10/Serialization/Arrays"><a:double>0</a:double><a:double>0</a:double><a:double>0</a:double></Value></Attribute></Attributes><ChildElements/><ElementName>origin</ElementName><required>false</required><RPYAttribute z:Ref="i166"/><XYZAttribute z:Ref="i165"/><isCustomized>false</isCustomized></URDFElement><URDFElement z:Id="i167" i:type="Geometry"><Attributes/><ChildElements><URDFElement z:Id="i168" i:type="Mesh"><Attributes><Attribute z:Id="i169"><AttributeType>filename</AttributeType><IsRequired>true</IsRequired><Value i:nil="true"/></Attribute></Attributes><ChildElements/><ElementName>mesh</ElementName><required>false</required><FilenameAttribute z:Ref="i169"/></URDFElement></ChildElements><ElementName>geometry</ElementName><required>true</required><Mesh z:Ref="i168"/></URDFElement></ChildElements><ElementName>collision</ElementName><required>false</required><Geometry z:Ref="i167"/><Origin z:Ref="i164"/></URDFElement><URDFElement z:Id="i170" i:type="Joint"><Attributes><Attribute z:Id="i171"><AttributeType>name</AttributeType><IsRequired>true</IsRequired><Value i:type="a:string" xmlns:a="http://www.w3.org/2001/XMLSchema">joint2</Value></Attribute><Attribute z:Id="i172"><AttributeType>type</AttributeType><IsRequired>true</IsRequired><Value i:type="a:string" xmlns:a="http://www.w3.org/2001/XMLSchema">continuous</Value></Attribute></Attributes><ChildElements><URDFElement z:Id="i173" i:type="Origin"><Attributes><Attribute z:Id="i174"><AttributeType>xyz</AttributeType><IsRequired>true</IsRequired><Value i:type="a:ArrayOfdouble" xmlns:a="http://schemas.microsoft.com/2003/10/Serialization/Arrays"><a:double>0</a:double><a:double>0.034</a:double><a:double>0.0462</a:double></Value></Attribute><Attribute z:Id="i175"><AttributeType>rpy</AttributeType><IsRequired>true</IsRequired><Value i:type="a:ArrayOfdouble" xmlns:a="http://schemas.microsoft.com/2003/10/Serialization/Arrays"><a:double>0</a:double><a:double>0</a:double><a:double>0</a:double></Value></Attribute></Attributes><ChildElements/><ElementName>origin</ElementName><required>false</required><RPYAttribute z:Ref="i175"/><XYZAttribute z:Ref="i174"/><isCustomized>false</isCustomized></URDFElement><URDFElement z:Id="i176" i:type="ParentLink"><Attributes><Attribute z:Id="i177"><AttributeType>link</AttributeType><IsRequired>true</IsRequired><Value i:type="a:string" xmlns:a="http://www.w3.org/2001/XMLSchema">link1</Value></Attribute></Attributes><ChildElements/><ElementName>parent</ElementName><required>true</required><NameAttribute z:Ref="i177"/></URDFElement><URDFElement z:Id="i178" i:type="ChildLink"><Attributes><Attribute z:Id="i179"><AttributeType>link</AttributeType><IsRequired>true</IsRequired><Value i:type="a:string" xmlns:a="http://www.w3.org/2001/XMLSchema">link2</Value></Attribute></Attributes><ChildElements/><ElementName>child</ElementName><required>true</required><NameAttribute z:Ref="i179"/></URDFElement><URDFElement z:Id="i180" i:type="Axis"><Attributes><Attribute z:Id="i181"><AttributeType>xyz</AttributeType><IsRequired>true</IsRequired><Value i:type="a:ArrayOfdouble" xmlns:a="http://schemas.microsoft.com/2003/10/Serialization/Arrays"><a:double>0</a:double><a:double>1</a:double><a:double>0</a:double></Value></Attribute></Attributes><ChildElements/><ElementName>axis</ElementName><required>false</required><XYZAttribute z:Ref="i181"/></URDFElement><URDFElement z:Id="i182" i:type="Limit"><Attributes><Attribute z:Id="i183"><AttributeType>lower</AttributeType><IsRequired>false</IsRequired><Value i:nil="true"/></Attribute><Attribute z:Id="i184"><AttributeType>upper</AttributeType><IsRequired>false</IsRequired><Value i:nil="true"/></Attribute><Attribute z:Id="i185"><AttributeType>effort</AttributeType><IsRequired>true</IsRequired><Value i:nil="true"/></Attribute><Attribute z:Id="i186"><AttributeType>velocity</AttributeType><IsRequired>true</IsRequired><Value i:nil="true"/></Attribute></Attributes><ChildElements/><ElementName>limit</ElementName><required>false</required><EffortAttribute z:Ref="i185"/><LowerAttribute z:Ref="i183"/><UpperAttribute z:Ref="i184"/><VelocityAttribute z:Ref="i186"/></URDFElement><URDFElement z:Id="i187" i:type="Calibration"><Attributes><Attribute z:Id="i188"><AttributeType>rising</AttributeType><IsRequired>false</IsRequired><Value i:nil="true"/></Attribute><Attribute z:Id="i189"><AttributeType>falling</AttributeType><IsRequired>false</IsRequired><Value i:nil="true"/></Attribute></Attributes><ChildElements/><ElementName>calibration</ElementName><required>false</required><FallingAttribute z:Ref="i189"/><RisingAttribute z:Ref="i188"/></URDFElement><URDFElement z:Id="i190" i:type="Dynamics"><Attributes><Attribute z:Id="i191"><AttributeType>damping</AttributeType><IsRequired>false</IsRequired><Value i:nil="true"/></Attribute><Attribute z:Id="i192"><AttributeType>friction</AttributeType><IsRequired>false</IsRequired><Value i:nil="true"/></Attribute></Attributes><ChildElements/><ElementName>dynamics</ElementName><required>false</required><DampingAttribute z:Ref="i191"/><FrictionAttribute z:Ref="i192"/></URDFElement><URDFElement z:Id="i193" i:type="SafetyController"><Attributes><Attribute z:Id="i194"><AttributeType>soft_upper_limit</AttributeType><IsRequired>false</IsRequired><Value i:nil="true"/></Attribute><Attribute z:Id="i195"><AttributeType>soft_lower_limit</AttributeType><IsRequired>false</IsRequired><Value i:nil="true"/></Attribute><Attribute z:Id="i196"><AttributeType>k_position</AttributeType><IsRequired>false</IsRequired><Value i:nil="true"/></Attribute><Attribute z:Id="i197"><AttributeType>k_velocity</AttributeType><IsRequired>true</IsRequired><Value i:nil="true"/></Attribute></Attributes><ChildElements/><ElementName>safety_controller</ElementName><required>false</required><KPositionAttribute z:Ref="i196"/><KVelocityAttribute z:Ref="i197"/><SoftLowerAttribute z:Ref="i195"/><SoftUpperAttribute z:Ref="i194"/></URDFElement><URDFElement z:Id="i198" i:type="Mimic"><Attributes><Attribute z:Id="i199"><AttributeType>joint</AttributeType><IsRequired>true</IsRequired><Value i:nil="true"/></Attribute><Attribute z:Id="i200"><AttributeType>multiplier</AttributeType><IsRequired>false</IsRequired><Value i:nil="true"/></Attribute><Attribute z:Id="i201"><AttributeType>offset</AttributeType><IsRequired>false</IsRequired><Value i:nil="true"/></Attribute></Attributes><ChildElements/><ElementName>mimic</ElementName><required>false</required><JointNameAttribute z:Ref="i199"/><MultiplierAttribute z:Ref="i200"/><OffsetAttribute z:Ref="i201"/></URDFElement></ChildElements><ElementName>joint</ElementName><required>false</required><Axis z:Ref="i180"/><AxisName>line2</AxisName><Calibration z:Ref="i187"/><Child z:Ref="i178"/><CoordinateSystemName>axis2</CoordinateSystemName><Dynamics z:Ref="i190"/><Limit z:Ref="i182"/><Mimic z:Ref="i198"/><NameAttribute z:Ref="i171"/><Origin z:Ref="i173"/><Parent z:Ref="i176"/><Safety z:Ref="i193"/><TypeAttribute z:Ref="i172"/></URDFElement></ChildElements><ElementName>link</ElementName><required>true</required><Children><Link z:Id="i202"><Attributes><Attribute z:Id="i203"><AttributeType>name</AttributeType><IsRequired>true</IsRequired><Value i:type="a:string" xmlns:a="http://www.w3.org/2001/XMLSchema">wheel_link</Value></Attribute></Attributes><ChildElements><URDFElement z:Id="i204" i:type="Inertial"><Attributes/><ChildElements><URDFElement z:Id="i205" i:type="Origin"><Attributes><Attribute z:Id="i206"><AttributeType>xyz</AttributeType><IsRequired>true</IsRequired><Value i:type="a:ArrayOfdouble" xmlns:a="http://schemas.microsoft.com/2003/10/Serialization/Arrays"><a:double>2.0595764677056039E-13</a:double><a:double>-1.8463361721315907E-06</a:double><a:double>-3.1979480543398164E-06</a:double></Value></Attribute><Attribute z:Id="i207"><AttributeType>rpy</AttributeType><IsRequired>true</IsRequired><Value i:type="a:ArrayOfdouble" xmlns:a="http://schemas.microsoft.com/2003/10/Serialization/Arrays"><a:double>0</a:double><a:double>0</a:double><a:double>0</a:double></Value></Attribute></Attributes><ChildElements/><ElementName>origin</ElementName><required>false</required><RPYAttribute z:Ref="i207"/><XYZAttribute z:Ref="i206"/><isCustomized>false</isCustomized></URDFElement><URDFElement z:Id="i208" i:type="Mass"><Attributes><Attribute z:Id="i209"><AttributeType>value</AttributeType><IsRequired>true</IsRequired><Value i:type="a:double" xmlns:a="http://www.w3.org/2001/XMLSchema">0.51812017798114962</Value></Attribute></Attributes><ChildElements/><ElementName>mass</ElementName><required>false</required><ValueAttribute z:Ref="i209"/></URDFElement><URDFElement z:Id="i210" i:type="Inertia"><Attributes><Attribute z:Id="i211"><AttributeType>ixx</AttributeType><IsRequired>true</IsRequired><Value i:type="a:double" xmlns:a="http://www.w3.org/2001/XMLSchema">0.0010937527929817362</Value></Attribute><Attribute z:Id="i212"><AttributeType>ixy</AttributeType><IsRequired>true</IsRequired><Value i:type="a:double" xmlns:a="http://www.w3.org/2001/XMLSchema">8.7919457061014334E-16</Value></Attribute><Attribute z:Id="i213"><AttributeType>ixz</AttributeType><IsRequired>true</IsRequired><Value i:type="a:double" xmlns:a="http://www.w3.org/2001/XMLSchema">1.5242800113420145E-15</Value></Attribute><Attribute z:Id="i214"><AttributeType>iyy</AttributeType><IsRequired>true</IsRequired><Value i:type="a:double" xmlns:a="http://www.w3.org/2001/XMLSchema">0.0013650347757821573</Value></Attribute><Attribute z:Id="i215"><AttributeType>iyz</AttributeType><IsRequired>true</IsRequired><Value i:type="a:double" xmlns:a="http://www.w3.org/2001/XMLSchema">0.00046987417738834908</Value></Attribute><Attribute z:Id="i216"><AttributeType>izz</AttributeType><IsRequired>true</IsRequired><Value i:type="a:double" xmlns:a="http://www.w3.org/2001/XMLSchema">0.001907598741383007</Value></Attribute></Attributes><ChildElements/><ElementName>inertia</ElementName><required>false</required><IxxAttribute z:Ref="i211"/><IxyAttribute z:Ref="i212"/><IxzAttribute z:Ref="i213"/><IyyAttribute z:Ref="i214"/><IyzAttribute z:Ref="i215"/><IzzAttribute z:Ref="i216"/></URDFElement></ChildElements><ElementName>inertial</ElementName><required>false</required><Inertia z:Ref="i210"/><Mass z:Ref="i208"/><Origin z:Ref="i205"/></URDFElement><URDFElement z:Id="i217" i:type="Visual"><Attributes/><ChildElements><URDFElement z:Id="i218" i:type="Origin"><Attributes><Attribute z:Id="i219"><AttributeType>xyz</AttributeType><IsRequired>true</IsRequired><Value i:type="a:ArrayOfdouble" xmlns:a="http://schemas.microsoft.com/2003/10/Serialization/Arrays"><a:double>0</a:double><a:double>0</a:double><a:double>0</a:double></Value></Attribute><Attribute z:Id="i220"><AttributeType>rpy</AttributeType><IsRequired>true</IsRequired><Value i:type="a:ArrayOfdouble" xmlns:a="http://schemas.microsoft.com/2003/10/Serialization/Arrays"><a:double>0</a:double><a:double>0</a:double><a:double>0</a:double></Value></Attribute></Attributes><ChildElements/><ElementName>origin</ElementName><required>false</required><RPYAttribute z:Ref="i220"/><XYZAttribute z:Ref="i219"/><isCustomized>false</isCustomized></URDFElement><URDFElement z:Id="i221" i:type="Geometry"><Attributes/><ChildElements><URDFElement z:Id="i222" i:type="Mesh"><Attributes><Attribute z:Id="i223"><AttributeType>filename</AttributeType><IsRequired>true</IsRequired><Value i:nil="true"/></Attribute></Attributes><ChildElements/><ElementName>mesh</ElementName><required>false</required><FilenameAttribute z:Ref="i223"/></URDFElement></ChildElements><ElementName>geometry</ElementName><required>true</required><Mesh z:Ref="i222"/></URDFElement><URDFElement z:Id="i224" i:type="Material"><Attributes><Attribute z:Id="i225"><AttributeType>name</AttributeType><IsRequired>true</IsRequired><Value i:type="a:string" xmlns:a="http://www.w3.org/2001/XMLSchema"/></Attribute></Attributes><ChildElements><URDFElement z:Id="i226" i:type="Color"><Attributes><Attribute z:Id="i227"><AttributeType>rgba</AttributeType><IsRequired>true</IsRequired><Value i:type="a:ArrayOfdouble" xmlns:a="http://schemas.microsoft.com/2003/10/Serialization/Arrays"><a:double>0.6470588235294118</a:double><a:double>0.61960784313725492</a:double><a:double>0.58823529411764708</a:double><a:double>1</a:double></Value></Attribute></Attributes><ChildElements/><ElementName>color</ElementName><required>false</required><RGBAAttribute z:Ref="i227"/></URDFElement><URDFElement z:Id="i228" i:type="Texture"><Attributes><Attribute z:Id="i229"><AttributeType>filename</AttributeType><IsRequired>true</IsRequired><Value i:nil="true"/></Attribute></Attributes><ChildElements/><ElementName>texture</ElementName><required>false</required><FilenameAttribute z:Ref="i229"/><wFilename/></URDFElement></ChildElements><ElementName>material</ElementName><required>false</required><Color z:Ref="i226"/><NameAttribute z:Ref="i225"/><Texture z:Ref="i228"/></URDFElement></ChildElements><ElementName>visual</ElementName><required>false</required><Geometry z:Ref="i221"/><Material z:Ref="i224"/><Origin z:Ref="i218"/></URDFElement><URDFElement z:Id="i230" i:type="Collision"><Attributes/><ChildElements><URDFElement z:Id="i231" i:type="Origin"><Attributes><Attribute z:Id="i232"><AttributeType>xyz</AttributeType><IsRequired>true</IsRequired><Value i:type="a:ArrayOfdouble" xmlns:a="http://schemas.microsoft.com/2003/10/Serialization/Arrays"><a:double>0</a:double><a:double>0</a:double><a:double>0</a:double></Value></Attribute><Attribute z:Id="i233"><AttributeType>rpy</AttributeType><IsRequired>true</IsRequired><Value i:type="a:ArrayOfdouble" xmlns:a="http://schemas.microsoft.com/2003/10/Serialization/Arrays"><a:double>0</a:double><a:double>0</a:double><a:double>0</a:double></Value></Attribute></Attributes><ChildElements/><ElementName>origin</ElementName><required>false</required><RPYAttribute z:Ref="i233"/><XYZAttribute z:Ref="i232"/><isCustomized>false</isCustomized></URDFElement><URDFElement z:Id="i234" i:type="Geometry"><Attributes/><ChildElements><URDFElement z:Id="i235" i:type="Mesh"><Attributes><Attribute z:Id="i236"><AttributeType>filename</AttributeType><IsRequired>true</IsRequired><Value i:nil="true"/></Attribute></Attributes><ChildElements/><ElementName>mesh</ElementName><required>false</required><FilenameAttribute z:Ref="i236"/></URDFElement></ChildElements><ElementName>geometry</ElementName><required>true</required><Mesh z:Ref="i235"/></URDFElement></ChildElements><ElementName>collision</ElementName><required>false</required><Geometry z:Ref="i234"/><Origin z:Ref="i231"/></URDFElement><URDFElement z:Id="i237" i:type="Joint"><Attributes><Attribute z:Id="i238"><AttributeType>name</AttributeType><IsRequired>true</IsRequired><Value i:type="a:string" xmlns:a="http://www.w3.org/2001/XMLSchema">wheel_joint</Value></Attribute><Attribute z:Id="i239"><AttributeType>type</AttributeType><IsRequired>true</IsRequired><Value i:type="a:string" xmlns:a="http://www.w3.org/2001/XMLSchema">continuous</Value></Attribute></Attributes><ChildElements><URDFElement z:Id="i240" i:type="Origin"><Attributes><Attribute z:Id="i241"><AttributeType>xyz</AttributeType><IsRequired>true</IsRequired><Value i:type="a:ArrayOfdouble" xmlns:a="http://schemas.microsoft.com/2003/10/Serialization/Arrays"><a:double>0</a:double><a:double>0.073146</a:double><a:double>-0.13735</a:double></Value></Attribute><Attribute z:Id="i242"><AttributeType>rpy</AttributeType><IsRequired>true</IsRequired><Value i:type="a:ArrayOfdouble" xmlns:a="http://schemas.microsoft.com/2003/10/Serialization/Arrays"><a:double>-1.5708</a:double><a:double>0</a:double><a:double>0</a:double></Value></Attribute></Attributes><ChildElements/><ElementName>origin</ElementName><required>false</required><RPYAttribute z:Ref="i242"/><XYZAttribute z:Ref="i241"/><isCustomized>false</isCustomized></URDFElement><URDFElement z:Id="i243" i:type="ParentLink"><Attributes><Attribute z:Id="i244"><AttributeType>link</AttributeType><IsRequired>true</IsRequired><Value i:type="a:string" xmlns:a="http://www.w3.org/2001/XMLSchema">link2</Value></Attribute></Attributes><ChildElements/><ElementName>parent</ElementName><required>true</required><NameAttribute z:Ref="i244"/></URDFElement><URDFElement z:Id="i245" i:type="ChildLink"><Attributes><Attribute z:Id="i246"><AttributeType>link</AttributeType><IsRequired>true</IsRequired><Value i:type="a:string" xmlns:a="http://www.w3.org/2001/XMLSchema">wheel_link</Value></Attribute></Attributes><ChildElements/><ElementName>child</ElementName><required>true</required><NameAttribute z:Ref="i246"/></URDFElement><URDFElement z:Id="i247" i:type="Axis"><Attributes><Attribute z:Id="i248"><AttributeType>xyz</AttributeType><IsRequired>true</IsRequired><Value i:type="a:ArrayOfdouble" xmlns:a="http://schemas.microsoft.com/2003/10/Serialization/Arrays"><a:double>0</a:double><a:double>-0.5</a:double><a:double>-0.86603</a:double></Value></Attribute></Attributes><ChildElements/><ElementName>axis</ElementName><required>false</required><XYZAttribute z:Ref="i248"/></URDFElement><URDFElement z:Id="i249" i:type="Limit"><Attributes><Attribute z:Id="i250"><AttributeType>lower</AttributeType><IsRequired>false</IsRequired><Value i:nil="true"/></Attribute><Attribute z:Id="i251"><AttributeType>upper</AttributeType><IsRequired>false</IsRequired><Value i:nil="true"/></Attribute><Attribute z:Id="i252"><AttributeType>effort</AttributeType><IsRequired>true</IsRequired><Value i:nil="true"/></Attribute><Attribute z:Id="i253"><AttributeType>velocity</AttributeType><IsRequired>true</IsRequired><Value i:nil="true"/></Attribute></Attributes><ChildElements/><ElementName>limit</ElementName><required>false</required><EffortAttribute z:Ref="i252"/><LowerAttribute z:Ref="i250"/><UpperAttribute z:Ref="i251"/><VelocityAttribute z:Ref="i253"/></URDFElement><URDFElement z:Id="i254" i:type="Calibration"><Attributes><Attribute z:Id="i255"><AttributeType>rising</AttributeType><IsRequired>false</IsRequired><Value i:nil="true"/></Attribute><Attribute z:Id="i256"><AttributeType>falling</AttributeType><IsRequired>false</IsRequired><Value i:nil="true"/></Attribute></Attributes><ChildElements/><ElementName>calibration</ElementName><required>false</required><FallingAttribute z:Ref="i256"/><RisingAttribute z:Ref="i255"/></URDFElement><URDFElement z:Id="i257" i:type="Dynamics"><Attributes><Attribute z:Id="i258"><AttributeType>damping</AttributeType><IsRequired>false</IsRequired><Value i:nil="true"/></Attribute><Attribute z:Id="i259"><AttributeType>friction</AttributeType><IsRequired>false</IsRequired><Value i:nil="true"/></Attribute></Attributes><ChildElements/><ElementName>dynamics</ElementName><required>false</required><DampingAttribute z:Ref="i258"/><FrictionAttribute z:Ref="i259"/></URDFElement><URDFElement z:Id="i260" i:type="SafetyController"><Attributes><Attribute z:Id="i261"><AttributeType>soft_upper_limit</AttributeType><IsRequired>false</IsRequired><Value i:nil="true"/></Attribute><Attribute z:Id="i262"><AttributeType>soft_lower_limit</AttributeType><IsRequired>false</IsRequired><Value i:nil="true"/></Attribute><Attribute z:Id="i263"><AttributeType>k_position</AttributeType><IsRequired>false</IsRequired><Value i:nil="true"/></Attribute><Attribute z:Id="i264"><AttributeType>k_velocity</AttributeType><IsRequired>true</IsRequired><Value i:nil="true"/></Attribute></Attributes><ChildElements/><ElementName>safety_controller</ElementName><required>false</required><KPositionAttribute z:Ref="i263"/><KVelocityAttribute z:Ref="i264"/><SoftLowerAttribute z:Ref="i262"/><SoftUpperAttribute z:Ref="i261"/></URDFElement><URDFElement z:Id="i265" i:type="Mimic"><Attributes><Attribute z:Id="i266"><AttributeType>joint</AttributeType><IsRequired>true</IsRequired><Value i:nil="true"/></Attribute><Attribute z:Id="i267"><AttributeType>multiplier</AttributeType><IsRequired>false</IsRequired><Value i:nil="true"/></Attribute><Attribute z:Id="i268"><AttributeType>offset</AttributeType><IsRequired>false</IsRequired><Value i:nil="true"/></Attribute></Attributes><ChildElements/><ElementName>mimic</ElementName><required>false</required><JointNameAttribute z:Ref="i266"/><MultiplierAttribute z:Ref="i267"/><OffsetAttribute z:Ref="i268"/></URDFElement></ChildElements><ElementName>joint</ElementName><required>false</required><Axis z:Ref="i247"/><AxisName>line3</AxisName><Calibration z:Ref="i254"/><Child z:Ref="i245"/><CoordinateSystemName>axis3</CoordinateSystemName><Dynamics z:Ref="i257"/><Limit z:Ref="i249"/><Mimic z:Ref="i265"/><NameAttribute z:Ref="i238"/><Origin z:Ref="i240"/><Parent z:Ref="i243"/><Safety z:Ref="i260"/><TypeAttribute z:Ref="i239"/></URDFElement></ChildElements><ElementName>link</ElementName><required>true</required><Children/><Collision z:Ref="i230"/><Inertial z:Ref="i204"/><Joint z:Ref="i237"/><NameAttribute z:Ref="i203"/><Parent z:Ref="i135"/><STLQualityFine>false</STLQualityFine><SWComponentPIDs xmlns:a="http://schemas.microsoft.com/2003/10/Serialization/Arrays"><a:base64Binary>aEIAAAUAAAD//v8ZSQBuAGkAdABpAGEAVwBoAGUAZQBsADIALQAxAEAAdwBoAGUAZQBsAF8AdQByAGQAZgAEAAAAEAAAAAEAAAABAAAAUwAAAA==</a:base64Binary></SWComponentPIDs><SWMainComponentPID i:nil="true"/><Visual z:Ref="i217"/><isFixedFrame>false</isFixedFrame><isIncomplete>false</isIncomplete></Link></Children><Collision z:Ref="i163"/><Inertial z:Ref="i137"/><Joint z:Ref="i170"/><NameAttribute z:Ref="i136"/><Parent z:Ref="i68"/><STLQualityFine>false</STLQualityFine><SWComponentPIDs xmlns:a="http://schemas.microsoft.com/2003/10/Serialization/Arrays"><a:base64Binary>aEIAAAUAAAD//v8nMQAxACAAFn8BeGhWIABJAFAANQA0AC0AQgBSAFQANQAwAC0AOABtAG0AdI8uAHMAdABwAC0AMQBAAHcAaABlAGUAbABfAHUAcgBkAGYABAAAABAAAAABAAAAAQAAAC0AAAA=</a:base64Binary><a:base64Binary>aEIAAAUAAAD//v8PHXgBeC0AMQBAAHcAaABlAGUAbABfAHUAcgBkAGYABAAAABAAAAABAAAAAQAAAGgAAAA=</a:base64Binary><a:base64Binary>aEIAAAUAAAD//v8STZHNkVdX+laaWy0AMQBAAHcAaABlAGUAbABfAHUAcgBkAGYABAAAABAAAAABAAAAAQAAAHAAAAA=</a:base64Binary><a:base64Binary>aEIAAAUAAAD//v8PcI2/fi0AMQBAAHcAaABlAGUAbABfAHUAcgBkAGYABAAAABAAAAABAAAAAQAAAGEAAAA=</a:base64Binary><a:base64Binary>aEIAAAUAAAD//v8QSQBNAFUALQAxAEAAdwBoAGUAZQBsAF8AdQByAGQAZgAEAAAAEAAAAAEAAAABAAAAdAAAAA==</a:base64Binary><a:base64Binary>aEIAAAUAAAD//v8wcgBvAGIAbwB0AG0AYQBzAHQAZQByAEEAi1d/Zy0AMQBAAHcAaABlAGUAbABfAHUAcgBkAGYALwA1de+Nf2ctADEAQAByAG8AYgBvAHQAbQBhAHMAdABlAHIAQQCLV39nBAAAABAAAAABAAAAAgAAACMAAAARAAAA</a:base64Binary><a:base64Binary>aEIAAAUAAAD//v8bTQBGADYAMAAxADAALQAzAEQALgBzAHQAZQBwAC0AMQBAAHcAaABlAGUAbABfAHUAcgBkAGYABAAAABAAAAABAAAAAQAAABoAAAA=</a:base64Binary><a:base64Binary>aEIAAAUAAAD//v8UMQAwAKZe+laaW96PpWMtADEAQAB3AGgAZQBlAGwAXwB1AHIAZABmAAQAAAAQAAAAAQAAAAEAAAA8AQAA</a:base64Binary><a:base64Binary>aEIAAAUAAAD//v8SUABhAG4AZQAxAC0AMQBAAHcAaABlAGUAbABfAHUAcgBkAGYABAAAABAAAAABAAAAAQAAABkAAAA=</a:base64Binary><a:base64Binary>aEIAAAUAAAD//v80cgBvAGIAbwB0AG0AYQBzAHQAZQByAEEAi1d/Zy0AMQBAAHcAaABlAGUAbABfAHUAcgBkAGYALwBTAHcAaQB0AGgAYwAyAC0AMQBAAHIAbwBiAG8AdABtAGEAcwB0AGUAcgBBAItXf2cEAAAAEAAAAAEAAAACAAAAIwAAADwAAAA=</a:base64Binary><a:base64Binary>aEIAAAUAAAD//v80cgBvAGIAbwB0AG0AYQBzAHQAZQByAEEAi1d/Zy0AMQBAAHcAaABlAGUAbABfAHUAcgBkAGYALwBTAHcAaQB0AGgAYwA0AC0AMQBAAHIAbwBiAG8AdABtAGEAcwB0AGUAcgBBAItXf2cEAAAAEAAAAAEAAAACAAAAIwAAADsAAAA=</a:base64Binary><a:base64Binary>aEIAAAUAAAD//v8wcgBvAGIAbwB0AG0AYQBzAHQAZQByAEEAi1d/Zy0AMQBAAHcAaABlAGUAbABfAHUAcgBkAGYALwBDUfZOMwAtADEAQAByAG8AYgBvAHQAbQBhAHMAdABlAHIAQQCLV39nBAAAABAAAAABAAAAAgAAACMAAAA5AAAA</a:base64Binary><a:base64Binary>aEIAAAUAAAD//v81cgBvAGIAbwB0AG0AYQBzAHQAZQByAEEAi1d/Zy0AMQBAAHcAaABlAGUAbABfAHUAcgBkAGYALwAxAHgAMwBwAGkAbgAtAHcALQAxAEAAcgBvAGIAbwB0AG0AYQBzAHQAZQByAEEAi1d/ZwQAAAAQAAAAAQAAAAIAAAAjAAAANwAAAA==</a:base64Binary><a:base64Binary>aEIAAAUAAAD//v86cgBvAGIAbwB0AG0AYQBzAHQAZQByAEEAi1d/Zy0AMQBAAHcAaABlAGUAbABfAHUAcgBkAGYALwAyAFAAaQBuACAALQAgADEALgAyADUAbQBtAC0AMQBAAHIAbwBiAG8AdABtAGEAcwB0AGUAcgBBAItXf2cEAAAAEAAAAAEAAAACAAAAIwAAADYAAAA=</a:base64Binary><a:base64Binary>aEIAAAUAAAD//v8xcgBvAGIAbwB0AG0AYQBzAHQAZQByAEEAi1d/Zy0AMQBAAHcAaABlAGUAbABfAHUAcgBkAGYALwBjAGEAbgAyAC0ANwBAAHIAbwBiAG8AdABtAGEAcwB0AGUAcgBBAItXf2cEAAAAEAAAAAEAAAACAAAAIwAAADIAAAA=</a:base64Binary><a:base64Binary>aEIAAAUAAAD//v8xcgBvAGIAbwB0AG0AYQBzAHQAZQByAEEAi1d/Zy0AMQBAAHcAaABlAGUAbABfAHUAcgBkAGYALwBjAGEAbgAyAC0ANgBAAHIAbwBiAG8AdABtAGEAcwB0AGUAcgBBAItXf2cEAAAAEAAAAAEAAAACAAAAIwAAADEAAAA=</a:base64Binary><a:base64Binary>aEIAAAUAAAD//v8xcgBvAGIAbwB0AG0AYQBzAHQAZQByAEEAi1d/Zy0AMQBAAHcAaABlAGUAbABfAHUAcgBkAGYALwBjAGEAbgAyAC0AMwBAAHIAbwBiAG8AdABtAGEAcwB0AGUAcgBBAItXf2cEAAAAEAAAAAEAAAACAAAAIwAAAC4AAAA=</a:base64Binary><a:base64Binary>aEIAAAUAAAD//v8xcgBvAGIAbwB0AG0AYQBzAHQAZQByAEEAi1d/Zy0AMQBAAHcAaABlAGUAbABfAHUAcgBkAGYALwBjAGEAbgAyAC0ANABAAHIAbwBiAG8AdABtAGEAcwB0AGUAcgBBAItXf2cEAAAAEAAAAAEAAAACAAAAIwAAAC8AAAA=</a:base64Binary><a:base64Binary>aEIAAAUAAAD//v8xcgBvAGIAbwB0AG0AYQBzAHQAZQByAEEAi1d/Zy0AMQBAAHcAaABlAGUAbABfAHUAcgBkAGYALwBjAGEAbgAyAC0AMgBAAHIAbwBiAG8AdABtAGEAcwB0AGUAcgBBAItXf2cEAAAAEAAAAAEAAAACAAAAIwAAAC0AAAA=</a:base64Binary><a:base64Binary>aEIAAAUAAAD//v8xcgBvAGIAbwB0AG0AYQBzAHQAZQByAEEAi1d/Zy0AMQBAAHcAaABlAGUAbABfAHUAcgBkAGYALwBjAGEAbgAyAC0ANQBAAHIAbwBiAG8AdABtAGEAcwB0AGUAcgBBAItXf2cEAAAAEAAAAAEAAAACAAAAIwAAADAAAAA=</a:base64Binary><a:base64Binary>aEIAAAUAAAD//v82cgBvAGIAbwB0AG0AYQBzAHQAZQByAEEAi1d/Zy0AMQBAAHcAaABlAGUAbABfAHUAcgBkAGYALwBTAFQATQAzADIARgA0ADIANwAtADEAQAByAG8AYgBvAHQAbQBhAHMAdABlAHIAQQCLV39nBAAAABAAAAABAAAAAgAAACMAAAA6AAAA</a:base64Binary><a:base64Binary>aEIAAAUAAAD//v9DcgBvAGIAbwB0AG0AYQBzAHQAZQByAEEAi1d/Zy0AMQBAAHcAaABlAGUAbABfAHUAcgBkAGYALwBEAFMAMQAwADQAMAAtADAAMwAgACgARABJAFAAXwBzAHcAaQB0AGMAaAApAC0AMQBAAHIAbwBiAG8AdABtAGEAcwB0AGUAcgBBAItXf2cEAAAAEAAAAAEAAAACAAAAIwAAADgAAAA=</a:base64Binary><a:base64Binary>aEIAAAUAAAD//v8xcgBvAGIAbwB0AG0AYQBzAHQAZQByAEEAi1d/Zy0AMQBAAHcAaABlAGUAbABfAHUAcgBkAGYALwBPAEwARQBEAC0AMQBAAHIAbwBiAG8AdABtAGEAcwB0AGUAcgBBAItXf2cEAAAAEAAAAAEAAAACAAAAIwAAADQAAAA=</a:base64Binary><a:base64Binary>aEIAAAUAAAD//v8xcgBvAGIAbwB0AG0AYQBzAHQAZQByAEEAi1d/Zy0AMQBAAHcAaABlAGUAbABfAHUAcgBkAGYALwBjAGEAbgAyAC0AOABAAHIAbwBiAG8AdABtAGEAcwB0AGUAcgBBAItXf2cEAAAAEAAAAAEAAAACAAAAIwAAADMAAAA=</a:base64Binary><a:base64Binary>aEIAAAUAAAD//v8xcgBvAGIAbwB0AG0AYQBzAHQAZQByAEEAi1d/Zy0AMQBAAHcAaABlAGUAbABfAHUAcgBkAGYALwBjAGEAbgAxAC0ANQBAAHIAbwBiAG8AdABtAGEAcwB0AGUAcgBBAItXf2cEAAAAEAAAAAEAAAACAAAAIwAAACkAAAA=</a:base64Binary><a:base64Binary>aEIAAAUAAAD//v8xcgBvAGIAbwB0AG0AYQBzAHQAZQByAEEAi1d/Zy0AMQBAAHcAaABlAGUAbABfAHUAcgBkAGYALwBjAGEAbgAxAC0ANABAAHIAbwBiAG8AdABtAGEAcwB0AGUAcgBBAItXf2cEAAAAEAAAAAEAAAACAAAAIwAAACgAAAA=</a:base64Binary><a:base64Binary>aEIAAAUAAAD//v86cgBvAGIAbwB0AG0AYQBzAHQAZQByAEEAi1d/Zy0AMQBAAHcAaABlAGUAbABfAHUAcgBkAGYALwBBAG0AYQBzAHMAXwBYAFQAMwAwAFUALQBGAC0ANwBAAHIAbwBiAG8AdABtAGEAcwB0AGUAcgBBAItXf2cEAAAAEAAAAAEAAAACAAAAIwAAACQAAAA=</a:base64Binary><a:base64Binary>aEIAAAUAAAD//v86cgBvAGIAbwB0AG0AYQBzAHQAZQByAEEAi1d/Zy0AMQBAAHcAaABlAGUAbABfAHUAcgBkAGYALwBBAG0AYQBzAHMAXwBYAFQAMwAwAFUALQBGAC0AMwBAAHIAbwBiAG8AdABtAGEAcwB0AGUAcgBBAItXf2cEAAAAEAAAAAEAAAACAAAAIwAAACAAAAA=</a:base64Binary><a:base64Binary>aEIAAAUAAAD//v8xcgBvAGIAbwB0AG0AYQBzAHQAZQByAEEAi1d/Zy0AMQBAAHcAaABlAGUAbABfAHUAcgBkAGYALwBjAGEAbgAxAC0AMQBAAHIAbwBiAG8AdABtAGEAcwB0AGUAcgBBAItXf2cEAAAAEAAAAAEAAAACAAAAIwAAACUAAAA=</a:base64Binary><a:base64Binary>aEIAAAUAAAD//v86cgBvAGIAbwB0AG0AYQBzAHQAZQByAEEAi1d/Zy0AMQBAAHcAaABlAGUAbABfAHUAcgBkAGYALwBBAG0AYQBzAHMAXwBYAFQAMwAwAFUALQBGAC0ANABAAHIAbwBiAG8AdABtAGEAcwB0AGUAcgBBAItXf2cEAAAAEAAAAAEAAAACAAAAIwAAACEAAAA=</a:base64Binary><a:base64Binary>aEIAAAUAAAD//v86cgBvAGIAbwB0AG0AYQBzAHQAZQByAEEAi1d/Zy0AMQBAAHcAaABlAGUAbABfAHUAcgBkAGYALwBBAG0AYQBzAHMAXwBYAFQAMwAwAFUALQBGAC0AMgBAAHIAbwBiAG8AdABtAGEAcwB0AGUAcgBBAItXf2cEAAAAEAAAAAEAAAACAAAAIwAAAB4AAAA=</a:base64Binary><a:base64Binary>aEIAAAUAAAD//v86cgBvAGIAbwB0AG0AYQBzAHQAZQByAEEAi1d/Zy0AMQBAAHcAaABlAGUAbABfAHUAcgBkAGYALwBBAG0AYQBzAHMAXwBYAFQAMwAwAFUALQBGAC0ANgBAAHIAbwBiAG8AdABtAGEAcwB0AGUAcgBBAItXf2cEAAAAEAAAAAEAAAACAAAAIwAAACMAAAA=</a:base64Binary><a:base64Binary>aEIAAAUAAAD//v8xcgBvAGIAbwB0AG0AYQBzAHQAZQByAEEAi1d/Zy0AMQBAAHcAaABlAGUAbABfAHUAcgBkAGYALwBjAGEAbgAyAC0AMQBAAHIAbwBiAG8AdABtAGEAcwB0AGUAcgBBAItXf2cEAAAAEAAAAAEAAAACAAAAIwAAACwAAAA=</a:base64Binary><a:base64Binary>aEIAAAUAAAD//v8xcgBvAGIAbwB0AG0AYQBzAHQAZQByAEEAi1d/Zy0AMQBAAHcAaABlAGUAbABfAHUAcgBkAGYALwBjAGEAbgAxAC0ANgBAAHIAbwBiAG8AdABtAGEAcwB0AGUAcgBBAItXf2cEAAAAEAAAAAEAAAACAAAAIwAAACoAAAA=</a:base64Binary><a:base64Binary>aEIAAAUAAAD//v87cgBvAGIAbwB0AG0AYQBzAHQAZQByAEEAi1d/Zy0AMQBAAHcAaABlAGUAbABfAHUAcgBkAGYALwBBAG0AYQBzAHMAXwBYAFQAMwAwAFAAVwAtAE0ALQAxAEAAcgBvAGIAbwB0AG0AYQBzAHQAZQByAEEAi1d/ZwQAAAAQAAAAAQAAAAIAAAAjAAAAHwAAAA==</a:base64Binary><a:base64Binary>aEIAAAUAAAD//v8xcgBvAGIAbwB0AG0AYQBzAHQAZQByAEEAi1d/Zy0AMQBAAHcAaABlAGUAbABfAHUAcgBkAGYALwBjAGEAbgAxAC0ANwBAAHIAbwBiAG8AdABtAGEAcwB0AGUAcgBBAItXf2cEAAAAEAAAAAEAAAACAAAAIwAAACsAAAA=</a:base64Binary><a:base64Binary>aEIAAAUAAAD//v8xcgBvAGIAbwB0AG0AYQBzAHQAZQByAEEAi1d/Zy0AMQBAAHcAaABlAGUAbABfAHUAcgBkAGYALwBjAGEAbgAxAC0AMgBAAHIAbwBiAG8AdABtAGEAcwB0AGUAcgBBAItXf2cEAAAAEAAAAAEAAAACAAAAIwAAACYAAAA=</a:base64Binary><a:base64Binary>aEIAAAUAAAD//v8xcgBvAGIAbwB0AG0AYQBzAHQAZQByAEEAi1d/Zy0AMQBAAHcAaABlAGUAbABfAHUAcgBkAGYALwBjAGEAbgAxAC0AMwBAAHIAbwBiAG8AdABtAGEAcwB0AGUAcgBBAItXf2cEAAAAEAAAAAEAAAACAAAAIwAAACcAAAA=</a:base64Binary><a:base64Binary>aEIAAAUAAAD//v86cgBvAGIAbwB0AG0AYQBzAHQAZQByAEEAi1d/Zy0AMQBAAHcAaABlAGUAbABfAHUAcgBkAGYALwBBAG0AYQBzAHMAXwBYAFQAMwAwAFUALQBGAC0ANQBAAHIAbwBiAG8AdABtAGEAcwB0AGUAcgBBAItXf2cEAAAAEAAAAAEAAAACAAAAIwAAACIAAAA=</a:base64Binary><a:base64Binary>aEIAAAUAAAD//v8wcgBvAGIAbwB0AG0AYQBzAHQAZQByAEEAi1d/Zy0AMQBAAHcAaABlAGUAbABfAHUAcgBkAGYALwBDUfZOMgAtADEAQAByAG8AYgBvAHQAbQBhAHMAdABlAHIAQQCLV39nBAAAABAAAAABAAAAAgAAACMAAAAcAAAA</a:base64Binary><a:base64Binary>aEIAAAUAAAD//v8wcgBvAGIAbwB0AG0AYQBzAHQAZQByAEEAi1d/Zy0AMQBAAHcAaABlAGUAbABfAHUAcgBkAGYALwAzAHgAOAAtADEAQAByAG8AYgBvAHQAbQBhAHMAdABlAHIAQQCLV39nBAAAABAAAAABAAAAAgAAACMAAAAaAAAA</a:base64Binary><a:base64Binary>aEIAAAUAAAD//v8zcgBvAGIAbwB0AG0AYQBzAHQAZQByAEEAi1d/Zy0AMQBAAHcAaABlAGUAbABfAHUAcgBkAGYALwAxAHgAMwBwAGkAbgAtADEAQAByAG8AYgBvAHQAbQBhAHMAdABlAHIAQQCLV39nBAAAABAAAAABAAAAAgAAACMAAAAVAAAA</a:base64Binary><a:base64Binary>aEIAAAUAAAD//v8wcgBvAGIAbwB0AG0AYQBzAHQAZQByAEEAi1d/Zy0AMQBAAHcAaABlAGUAbABfAHUAcgBkAGYALwBDUfZOMQAtADEAQAByAG8AYgBvAHQAbQBhAHMAdABlAHIAQQCLV39nBAAAABAAAAABAAAAAgAAACMAAAASAAAA</a:base64Binary><a:base64Binary>aEIAAAUAAAD//v80cgBvAGIAbwB0AG0AYQBzAHQAZQByAEEAi1d/Zy0AMQBAAHcAaABlAGUAbABfAHUAcgBkAGYALwAyAHgAMQAwAHAAaQBuAC0AMQBAAHIAbwBiAG8AdABtAGEAcwB0AGUAcgBBAItXf2cEAAAAEAAAAAEAAAACAAAAIwAAABkAAAA=</a:base64Binary><a:base64Binary>aEIAAAUAAAD//v82cgBvAGIAbwB0AG0AYQBzAHQAZQByAEEAi1d/Zy0AMQBAAHcAaABlAGUAbABfAHUAcgBkAGYALwBtAGkAYwByAG8AIABVAFMAQgAtADEAQAByAG8AYgBvAHQAbQBhAHMAdABlAHIAQQCLV39nBAAAABAAAAABAAAAAgAAACMAAAAUAAAA</a:base64Binary><a:base64Binary>aEIAAAUAAAD//v8zcgBvAGIAbwB0AG0AYQBzAHQAZQByAEEAi1d/Zy0AMQBAAHcAaABlAGUAbABfAHUAcgBkAGYALwAxAHgAMwBwAGkAbgAtADQAQAByAG8AYgBvAHQAbQBhAHMAdABlAHIAQQCLV39nBAAAABAAAAABAAAAAgAAACMAAAAYAAAA</a:base64Binary><a:base64Binary>aEIAAAUAAAD//v8zcgBvAGIAbwB0AG0AYQBzAHQAZQByAEEAi1d/Zy0AMQBAAHcAaABlAGUAbABfAHUAcgBkAGYALwAxAHgAMwBwAGkAbgAtADIAQAByAG8AYgBvAHQAbQBhAHMAdABlAHIAQQCLV39nBAAAABAAAAABAAAAAgAAACMAAAAWAAAA</a:base64Binary><a:base64Binary>aEIAAAUAAAD//v86cgBvAGIAbwB0AG0AYQBzAHQAZQByAEEAi1d/Zy0AMQBAAHcAaABlAGUAbABfAHUAcgBkAGYALwBBAG0AYQBzAHMAXwBYAFQAMwAwAFUALQBGAC0AMQBAAHIAbwBiAG8AdABtAGEAcwB0AGUAcgBBAItXf2cEAAAAEAAAAAEAAAACAAAAIwAAAB0AAAA=</a:base64Binary><a:base64Binary>aEIAAAUAAAD//v8wcgBvAGIAbwB0AG0AYQBzAHQAZQByAEEAi1d/Zy0AMQBAAHcAaABlAGUAbABfAHUAcgBkAGYALwAzAHgAOAAtADIAQAByAG8AYgBvAHQAbQBhAHMAdABlAHIAQQCLV39nBAAAABAAAAABAAAAAgAAACMAAAAbAAAA</a:base64Binary><a:base64Binary>aEIAAAUAAAD//v8zcgBvAGIAbwB0AG0AYQBzAHQAZQByAEEAi1d/Zy0AMQBAAHcAaABlAGUAbABfAHUAcgBkAGYALwAxAHgAMwBwAGkAbgAtADMAQAByAG8AYgBvAHQAbQBhAHMAdABlAHIAQQCLV39nBAAAABAAAAABAAAAAgAAACMAAAAXAAAA</a:base64Binary><a:base64Binary>aEIAAAUAAAD//v80cgBvAGIAbwB0AG0AYQBzAHQAZQByAEEAi1d/Zy0AMQBAAHcAaABlAGUAbABfAHUAcgBkAGYALwBtAGkAYwByAG8AcwBkAC0AMQBAAHIAbwBiAG8AdABtAGEAcwB0AGUAcgBBAItXf2cEAAAAEAAAAAEAAAACAAAAIwAAABMAAAA=</a:base64Binary><a:base64Binary>aEIAAAUAAAD//v8PNXVgbC0AMQBAAHcAaABlAGUAbABfAHUAcgBkAGYABAAAABAAAAABAAAAAQAAADkAAAA=</a:base64Binary><a:base64Binary>aEIAAAUAAAD//v8TNXVgbPpWmlu2ZzEALQAxAEAAdwBoAGUAZQBsAF8AdQByAGQAZgAEAAAAEAAAAAEAAAABAAAAQAAAAA==</a:base64Binary><a:base64Binary>aEIAAAUAAAD//v86cgBvAGIAbwB0AG0AYQBzAHQAZQByAEEAi1d/Zy0AMQBAAHcAaABlAGUAbABfAHUAcgBkAGYALwA0AFAAaQBuACAALQAgADEALgAyADUAbQBtAC0AMQBAAHIAbwBiAG8AdABtAGEAcwB0AGUAcgBBAItXf2cEAAAAEAAAAAEAAAACAAAAIwAAADUAAAA=</a:base64Binary></SWComponentPIDs><SWMainComponentPID i:nil="true"/><Visual z:Ref="i150"/><isFixedFrame>false</isFixedFrame><isIncomplete>false</isIncomplete></Link></Children><Collision z:Ref="i96"/><Inertial z:Ref="i70"/><Joint z:Ref="i103"/><NameAttribute z:Ref="i69"/><Parent z:Ref="i1"/><STLQualityFine>false</STLQualityFine><SWComponentPIDs xmlns:a="http://schemas.microsoft.com/2003/10/Serialization/Arrays"><a:base64Binary>aEIAAAUAAAD//v8WTQA2AHgAMQAyAHgAMQCrV0dyLQAyAEAAdwBoAGUAZQBsAF8AdQByAGQAZgAEAAAAEAAAAAEAAAABAAAAxAEAAA==</a:base64Binary><a:base64Binary>aEIAAAUAAAD//v8mQwBoAGEAbgBnAGUAXwBPAHYAZQByAF8AQgBvAGEAcgBkACgAMQApAC4AcwB0AGUAcAAtADEAQAB3AGgAZQBlAGwAXwB1AHIAZABmAAQAAAAQAAAAAQAAAAEAAACTAAAA</a:base64Binary><a:base64Binary>aEIAAAUAAAD//v8YOAB4AG0ANgB4ADEANgBeWFNiuocdTi0AMQBAAHcAaABlAGUAbABfAHUAcgBkAGYABAAAABAAAAABAAAAAQAAAAcBAAA=</a:base64Binary><a:base64Binary>aEIAAAUAAAD//v8TRgA2ADIAOABaAFoALQAzAEAAdwBoAGUAZQBsAF8AdQByAGQAZgAEAAAAEAAAAAEAAAABAAAAygEAAA==</a:base64Binary><a:base64Binary>aEIAAAUAAAD//v8Sf5WmXgOMdGVXVy0AMgBAAHcAaABlAGUAbABfAHUAcgBkAGYABAAAABAAAAABAAAAAQAAAGsBAAA=</a:base64Binary><a:base64Binary>aEIAAAUAAAD//v8Sf5WmXgOMdGVXVy0AMQBAAHcAaABlAGUAbABfAHUAcgBkAGYABAAAABAAAAABAAAAAQAAAGYBAAA=</a:base64Binary><a:base64Binary>aEIAAAUAAAD//v8R+laaW6deMgAtADEAQAB3AGgAZQBlAGwAXwB1AHIAZABmAAQAAAAQAAAAAQAAAAEAAACJAAAA</a:base64Binary><a:base64Binary>aEIAAAUAAAD//v8QqG0nfVdZLQAxAEAAdwBoAGUAZQBsAF8AdQByAGQAZgAEAAAAEAAAAAEAAAABAAAAMwAAAA==</a:base64Binary></SWComponentPIDs><SWMainComponentPID i:nil="true"/><Visual z:Ref="i83"/><isFixedFrame>false</isFixedFrame><isIncomplete>false</isIncomplete></Link></Children><Collision z:Ref="i29"/><Inertial z:Ref="i3"/><Joint z:Ref="i36"/><NameAttribute z:Ref="i2"/><Parent i:nil="true"/><STLQualityFine>false</STLQualityFine><SWComponentPIDs xmlns:a="http://schemas.microsoft.com/2003/10/Serialization/Arrays"><a:base64Binary>aEIAAAUAAAD//v8Pp15QWy0AMQBAAHcAaABlAGUAbABfAHUAcgBkAGYABAAAABAAAAABAAAAAQAAACgBAAA=</a:base64Binary><a:base64Binary>aEIAAAUAAAD//v8pOAAtADMAMAAzADAARgDdlItXUGdbADgALQAzADAAMwAwAEYALQBTAC0ATwBPAC0AMwAyADAAXQAtADEAQAB3AGgAZQBlAGwAXwB1AHIAZABmAAQAAAAQAAAAAQAAAAEAAAAPAQAA</a:base64Binary></SWComponentPIDs><SWMainComponentPID i:nil="true"/><Visual z:Ref="i16"/><isFixedFrame>false</isFixedFrame><isIncomplete>false</isIncomplete></Link>
2025-07-21 09:34:27,725 INFO  AssemblyExportForm.cs: 309 - Saving URDF package to C:\Users\gdut0\Desktop\WheelFutura\urdf\0721\wheel_urdf
2025-07-21 09:34:27,727 INFO  ExportHelper.cs: 147 - Beginning the export process
2025-07-21 09:34:27,728 INFO  ExportHelper.cs: 153 - Creating package directories with name wheel_urdf and save path C:\Users\gdut0\Desktop\WheelFutura\urdf\0721
2025-07-21 09:34:28,812 INFO  ExportHelper.cs: 162 - Creating CMakeLists.txt at C:\Users\gdut0\Desktop\WheelFutura\urdf\0721\wheel_urdf\CMakeLists.txt
2025-07-21 09:34:28,850 INFO  ExportHelper.cs: 166 - Creating joint names config at C:\Users\gdut0\Desktop\WheelFutura\urdf\0721\wheel_urdf\config\joint_names_wheel_urdf.yaml
2025-07-21 09:34:28,851 INFO  ExportHelper.cs: 170 - Creating package.xml at C:\Users\gdut0\Desktop\WheelFutura\urdf\0721\wheel_urdf\package.xml
2025-07-21 09:34:28,851 INFO  PackageXMLWriter.cs: 21 - Creating package.xml at C:\Users\gdut0\Desktop\WheelFutura\urdf\0721\wheel_urdf\package.xml
2025-07-21 09:34:28,854 INFO  ExportHelper.cs: 177 - Creating RVIZ launch file in C:\Users\gdut0\Desktop\WheelFutura\urdf\0721\wheel_urdf\launch\
2025-07-21 09:34:28,855 INFO  ExportHelper.cs: 182 - Creating Gazebo launch file in C:\Users\gdut0\Desktop\WheelFutura\urdf\0721\wheel_urdf\launch\
2025-07-21 09:34:28,856 INFO  ExportHelper.cs: 187 - Saving existing STL preferences
2025-07-21 09:34:28,857 INFO  ExportHelper.cs: 450 - Saving users preferences
2025-07-21 09:34:28,857 INFO  ExportHelper.cs: 190 - Modifying STL preferences
2025-07-21 09:34:28,857 INFO  ExportHelper.cs: 464 - Setting STL preferences
2025-07-21 09:34:28,861 INFO  ExportHelper.cs: 196 - Found 0 hidden components 
2025-07-21 09:34:28,861 INFO  ExportHelper.cs: 197 - Hiding all components
2025-07-21 09:34:29,160 INFO  ExportHelper.cs: 204 - Beginning individual files export
2025-07-21 09:34:29,163 INFO  ExportHelper.cs: 270 - Exporting link: base_link
2025-07-21 09:34:29,163 INFO  ExportHelper.cs: 272 - Link base_link has 1 children
2025-07-21 09:34:29,163 INFO  ExportHelper.cs: 270 - Exporting link: link1
2025-07-21 09:34:29,164 INFO  ExportHelper.cs: 272 - Link link1 has 1 children
2025-07-21 09:34:29,164 INFO  ExportHelper.cs: 270 - Exporting link: link2
2025-07-21 09:34:29,164 INFO  ExportHelper.cs: 272 - Link link2 has 1 children
2025-07-21 09:34:29,165 INFO  ExportHelper.cs: 270 - Exporting link: wheel_link
2025-07-21 09:34:29,165 INFO  ExportHelper.cs: 272 - Link wheel_link has 0 children
2025-07-21 09:34:29,165 INFO  ExportHelper.cs: 317 - wheel_link: Exporting STL with coordinate frame axis3
2025-07-21 09:34:29,166 INFO  ExportHelper.cs: 322 - wheel_link: Reference geometry name 
2025-07-21 09:34:29,240 INFO  ExportHelper.cs: 330 - Saving STL to C:\Users\gdut0\Desktop\WheelFutura\urdf\0721\wheel_urdf\meshes\wheel_link.STL
2025-07-21 09:34:29,389 INFO  ExportHelper.cs: 405 - Removing SW header in STL file
2025-07-21 09:34:29,390 INFO  ExportHelper.cs: 317 - link2: Exporting STL with coordinate frame axis2
2025-07-21 09:34:29,390 INFO  ExportHelper.cs: 322 - link2: Reference geometry name 
2025-07-21 09:34:29,686 INFO  ExportHelper.cs: 330 - Saving STL to C:\Users\gdut0\Desktop\WheelFutura\urdf\0721\wheel_urdf\meshes\link2.STL
2025-07-21 09:34:32,150 INFO  ExportHelper.cs: 405 - Removing SW header in STL file
2025-07-21 09:34:32,150 INFO  ExportHelper.cs: 317 - link1: Exporting STL with coordinate frame axis1
2025-07-21 09:34:32,151 INFO  ExportHelper.cs: 322 - link1: Reference geometry name 
2025-07-21 09:34:32,192 INFO  ExportHelper.cs: 330 - Saving STL to C:\Users\gdut0\Desktop\WheelFutura\urdf\0721\wheel_urdf\meshes\link1.STL
2025-07-21 09:34:32,406 INFO  ExportHelper.cs: 405 - Removing SW header in STL file
2025-07-21 09:34:32,406 INFO  ExportHelper.cs: 317 - base_link: Exporting STL with coordinate frame base_axis
2025-07-21 09:34:32,406 INFO  ExportHelper.cs: 322 - base_link: Reference geometry name 
2025-07-21 09:34:32,452 INFO  ExportHelper.cs: 330 - Saving STL to C:\Users\gdut0\Desktop\WheelFutura\urdf\0721\wheel_urdf\meshes\base_link.STL
2025-07-21 09:34:32,530 INFO  ExportHelper.cs: 405 - Removing SW header in STL file
2025-07-21 09:34:32,531 INFO  ExportHelper.cs: 145 - Showing all components except previously hidden components
2025-07-21 09:34:32,869 INFO  ExportHelper.cs: 145 - Resetting STL preferences
2025-07-21 09:34:32,869 INFO  ExportHelper.cs: 478 - Returning STL preferences to user preferences
2025-07-21 09:34:32,870 INFO  ExportHelper.cs: 228 - Writing URDF file to C:\Users\gdut0\Desktop\WheelFutura\urdf\0721\wheel_urdf\urdf\wheel_urdf.urdf
2025-07-21 09:34:32,924 INFO  CSVImportExport.cs: 32 - Writing CSV file C:\Users\gdut0\Desktop\WheelFutura\urdf\0721\wheel_urdf\urdf\wheel_urdf.csv
2025-07-21 09:34:32,941 ERROR CSVImportExport.cs: 130 - The following columns were not written to the CSV: Link.Joint.ChildLink.link,
2025-07-21 09:34:32,943 ERROR CSVImportExport.cs: 130 - The following columns were not written to the CSV: Link.Joint.ChildLink.link,
2025-07-21 09:34:32,943 ERROR CSVImportExport.cs: 130 - The following columns were not written to the CSV: Link.Joint.ChildLink.link,
2025-07-21 09:34:32,943 ERROR CSVImportExport.cs: 130 - The following columns were not written to the CSV: Link.Joint.ChildLink.link,
2025-07-21 09:34:32,944 INFO  ExportHelper.cs: 234 - Copying log file
2025-07-21 09:34:32,946 INFO  ExportHelper.cs: 439 - Copying C:\Users\gdut0\sw2urdf_logs\sw2urdf.log to C:\Users\gdut0\Desktop\WheelFutura\urdf\0721\wheel_urdf\export.log
